Номер,Название,Город,Адрес,Период,Иконка,Состояние
661410089960005,Дом Д.П.Максимова,Екатеринбург,"город Екатеринбург, ул. Хохрякова, д. 29",с 1850 до 1880,Домик,Плохое
661410099070005,Дом жилой,Екатеринбург,"г. Екатеринбург, улица Хохрякова, д. 27",с 1880 до 1900,Домик,Плохое
661410104690005,Производственное здание Мельковского механического завода Ф.Е.Ятеса,Екатеринбург,"г. Екатеринбург, ул. Азина, д. 27",с 1850 до 1880,Завод,Плохое
661410139750005,Деревянный жилой дом с иконостасной резьбой наличников,Екатеринбург,"г. Екатеринбург, ул. Д.Ибаррури, 10-а",с 1900 до 1920,Домик,Не существует
661410159470005,Церковь Святого Павла,Байкаловский муниципальный район,"Байкаловский муниципальный район, с. Шадринка",с 1850 до 1880,Церковь,Не доступен
661410159630005,Деревянная часовня,Байкаловский муниципальный район,"Байкаловский муниципальный район, д. Занина",с 1850 до 1880,Церковь,Руины
661410159790005,"Дом, в котором находилась подпольная типография Екатеринбургского комитета РСДРП(б)",Екатеринбург,"г. Екатеринбург, ул. Каляева, 34",с 1900 до 1920,Домик,Не существует
661410160130005,"Дом Мельниковой, во флигеле которого находилась конспиративная квартира большевиков. Осенью 1905 г. здесь бывал Я.М.Свердлов",Екатеринбург,"г. Екатеринбург, ул. Д.Ибаррури, 4",с 1900 до 1920,Домик,Руины
661410160350005,Дом И.Х.Гофмейстера,Екатеринбург,"город Екатеринбург, ул. Малышева, д. 35",с 1850 до 1880,Домик,Удовлетворительное
661410161560005,Каменная лавка,Верхотурье,"город Верхотурье, улица Ленина, 5",с 1850 до 1880,Домик,Удовлетворительное
661410161710005,Жилой дом,Верхотурье,"город Верхотурье, улица Ленина, 32",с 1900 до 1920,Изба,Хорошее
661410161840005,Церковь Знамения,Верхотурье,"г. Верхотурье, ул. Свердлова, д. 9",до 1800,Церковь,Плохое
661410161890005,Жилой дом,Верхотурье,"г. Верхотурье, ул. Ленина, д. 41",с 1900 до 1920,Изба,Хорошее
661410162210005,Дом жилой,Верхотурье,"город Верхотурье, улица Огарьевская, д. 23",с 1880 до 1900,Домик,Хорошее
661410162240005,Дом жилой,Верхотурский район,"Верхотурский район, город Верхотурье, улица Ханкевича, д. 38",с 1900 до 1920,Изба,Удовлетворительное
661410162400005,Церковь Святого Прокопия Устюжского,Верхотурский район,"Верхотурский район, с. Прокопьевская Салда, ул. Сенянского, 40 ""В""",до 1800,Церковь,Не доступен
661410162410005,Гимназия женская,Верхотурье,"г. Верхотурье, ул. Советская, д. 10",с 1900 до 1920,Дворец,Хорошее
661410163400005,Церковь Рождества Христова,Верхотурский район,"Верхотурский район, село Дерябино, ул. Советская, 6 ""А""",до 1800,Церковь,Не доступен
661410163420005,Церковь Спасская,Верхотурский район,"Верхотурский район, с. Красногорское, ул. Малышева, 5",с 1800 до 1850,Церковь,Плохое
661410163500005,Часовня Спасская,Верхотурский район,"Верхотурский район, село Красногорское, ул. Малышева, д. 5 ""Б""",с 1900 до 1920,Церковь,Удовлетворительное
661410164250005,Изба клетская бабы Кати,муниципальное образование Алапаевское,"муниципальное образование Алапаевское, с. Коптелово, пер. Пушкина, 6б",с 1800 до 1850,Изба,Хорошее
661410180430015,Изба из д. Таборы,Нижняя Синячиха,"Алапаевское муниципальное образование, с. Нижняя Синячиха",с 1800 до 1850,Изба,Хорошее
661410180430025,Часовня Савватея и Зосимы,Нижняя Синячиха,"Алапаевское муниципальное образование, с. Нижняя Синячиха",с 1800 до 1850,Церковь,Хорошее
661410180430035,Башня сторожевая,Нижняя Синячиха,"Алапаевское муниципальное образование, с. Нижняя Синячиха",с 1900 до 1920,Башня,Хорошее
661410180430045,Пожарное депо,Нижняя Синячиха,"Алапаевский р-он, с. Нижняя Синячиха",с 1880 до 1900,Амбар,Хорошее
661410180430055,Часовня Александра Невского,Нижняя Синячиха,"Алапаевское муниципальное образование, с. Нижняя Синячиха",с 1900 до 1920,Церковь,Хорошее
661410180430065,Часовня Ильи Пророка,Нижняя Синячиха,"Алапаевское муниципальное образование, с. Нижняя Синячиха",до 1800,Церковь,Хорошее
661410180430075,Колодец с. Санкино,Нижняя Синячиха,"Алапаевский район, с. Нижняя Синячиха",с 1900 до 1920,Амбар,Хорошее
661410180430085,Изба из д. Вогулка,Нижняя Синячиха,"Алапаевский район, с. Нижняя Синячиха",с 1850 до 1880,Изба,Хорошее
661410180430095,Часовня Вознесения,Нижняя Синячиха,"Алапаевский район, с. Нижняя Синячиха",с 1850 до 1880,Церковь,Хорошее
661410180430105,Мельница-шатровка из с. Мытищинское,Нижняя Синячиха,"Алапаевский район, с. Нижняя Синячиха",с 1900 до 1920,Завод,Хорошее
661410180430115,Дом из с. Комельское,Нижняя Синячиха,"Алапаевское муниципальное образование, с. Нижняя Синячиха",с 1880 до 1900,Изба,Хорошее
661410180430125,Дом жилой,Нижняя Синячиха,"Алапаевское муниципальное образование, с. Нижняя Синячиха",с 1800 до 1850,Изба,Удовлетворительное
661410180430135,Амбар из д. Кулича,Нижняя Синячиха,"Алапаевское муниципальное образование, с. Нижняя Синячиха",с 1850 до 1880,Амбар,Хорошее
661410736080005,Дом жилой,Екатеринбург,"г. Екатеринбург, ул. Физкультурников, д. 30",с 1920 до 1940,Домик,Хорошее
661410747730005,Деревянный дом с тремя башенками,Утрачен,Утрачен,с 1880 до 1900,Домик,Не доступен
661410817730025,Особняк,Алапаевск,"г. Алапаевск, ул. Красной Армии, д. 4",с 1900 до 1920,Домик,Удовлетворительное
661410817730035,Особняк,Утрачен,Утрачен,с 1900 до 1920,Домик,Не доступен
661420180430005,Музей народного деревянного зодчества под открытым небом,Нижняя Синячиха,"Алапаевское муниципальное образование, с. Нижняя Синячиха",после 1960,Ансамбль,Ансамбль
661430153270005,Место обнаружения останков членов Царской семьи Николая II на Старой Коптяковской дороге,Екатеринбург,"город Екатеринбург, Железнодорожный район, кварталы 21, 22 Лесопаркового участкового лесничества, Железнодорожного лесного парка",после 1960,Монумент,Хорошее
661510180430145,Амбар из д. Попова,Нижняя Синячиха,"Алапаевский район, село Нижняя Синячиха",с 1850 до 1880,Амбар,Хорошее
661510180430155,Амбар из д. Кировское,Нижняя Синячиха,"Алапаевский район, с. Нижняя Синячиха",с 1880 до 1900,Амбар,Хорошее
661510197940005,Успенская церковь,Березовский,"г. Березовский, пер. Клубный, д. 1",с 1850 до 1880,Церковь,Удовлетворительное
661510206680005,Дом А.А.Зотова,Екатеринбург,"г. Екатеринбург, ул. Карла Либкнехта, д. 45",с 1800 до 1850,Домик,Хорошее
661510212040005,Банк Русско-Азиатский,Екатеринбург,"г. Екатеринбург, ул. Малышева, д. 32/ул. Вайнера, д. 22-24",с 1920 до 1940,Многоэтажка,Удовлетворительное
661510219340005,Церковь Рождества,Режевской район,"Режевской район, село Липовское, улица Ленина, 31",с 1880 до 1900,Церковь,Плохое
661510264780005,Здание земской школы,Екатеринбург,"г. Екатеринбург, ул. Добролюбова, 19а",с 1900 до 1920,Домик,Хорошее
661510354380005,Дом жилой,Екатеринбург,"г. Екатеринбург, ул. Вайнера, д. 1",с 1920 до 1940,Многоэтажка,Удовлетворительное
661510355340005,"Дом, в котором жил видный революционер Н.Н. Замятин (Батурин)",Екатеринбург,"г. Екатеринбург, ул. Вайнера, д. 53",с 1880 до 1900,Домик,Хорошее
661610447520005,Жилой дом,Екатеринбург,"г. Екатеринбург, ул. Синяева, д. 58",с 1900 до 1920,Изба,Хорошее
661610668520015,Здание лаборатории,Екатеринбург,"г. Екатеринбург, набережная Олимпийская, стр. 11",с 1900 до 1920,Домик,Хорошее
661610668520025,Четырехэтажное каменное здание мельницы,Екатеринбург,"г. Екатеринбург, набережная Олимпийская, д. 7",с 1880 до 1900,Завод,Хорошее
661610669930005,Могила краеведа В.П. Бирюкова,Екатеринбург,"г. Екатеринбург, Нижнеисетское кладбище",после 1960,Монумент,Не доступен
661610702880015,Торговая лавка в кирпичном стиле,Екатеринбург,"г. Екатеринбург, ул. Радищева, д. 6",с 1850 до 1880,Домик,Удовлетворительное
661610702880025,Ворота,Екатеринбург,"г. Екатеринбург, ул. Радищева, д. 6-8",с 1850 до 1880,Ворота,Удовлетворительное
661610702890005,Дом М.М. Крылова,Екатеринбург,"г. Екатеринбург, ул. Тургенева, д. 18",с 1900 до 1920,Домик,Хорошее
661610702900005,"Здание бывшей типографии ""Гранит""",Екатеринбург,"г. Екатеринбург, ул. Вайнера, д. 11",с 1900 до 1920,Домик,Хорошее
661610728850005,Амбар четырехкамерный,Гаринский городской округ,"Гаринский городской округ, р.п. Гари, ул. Октябрьская, д. 52",с 1880 до 1900,Амбар,Не доступен
661610728860005,"Дом, в котором в 1879 г. родился и провел детские годы писатель П.П. Бажов",Сысерть,"г. Сысерть, ул. Володарского, д. 16",с 1850 до 1880,Изба,Хорошее
661610731480006,Здание Консистории,Екатеринбург,"г. Екатеринбург, пр. Ленина, д. 26",с 1800 до 1850,Дворец,Хорошее
661610731530006,"Жилой комплекс ""2 Дом Советов""",Екатеринбург,"г. Екатеринбург, ул. 8 Марта, д. 2",с 1920 до 1940,Многоэтажка,Хорошее
661610731590005,Деловой дом,Екатеринбург,"г. Екатеринбург, ул. 8 Марта, д. 8-б",с 1920 до 1940,Многоэтажка,Хорошее
661610731680005,Дом мещанки Д.Я. Симановой,Екатеринбург,"г. Екатеринбург, ул. 8 Марта, д. 12",с 1800 до 1850,Домик,Удовлетворительное
661610731740005,Дом жилой с лавкой на первом этаже,Екатеринбург,"г. Екатеринбург, ул. 8 Марта, д. 19",с 1800 до 1850,Домик,Удовлетворительное
661610731900005,Особняк с элементами неоготики,Екатеринбург,"г. Екатеринбург, ул. 8 Марта, д. 20",с 1850 до 1880,Домик,Хорошее
661610731910005,Дом купца Соснина,Екатеринбург,"г. Екатеринбург, ул. 8 Марта, д. 22",с 1850 до 1880,Домик,Хорошее
661610732120005,Дом Рязанова И.Д.,Екатеринбург,"г. Екатеринбург, ул. 8 Марта, д. 25",с 1850 до 1880,Домик,Хорошее
661610732220005,Лавка,Екатеринбург,"г. Екатеринбург, ул. 8 Марта, д. 27",с 1850 до 1880,Домик,Удовлетворительное
661610732300005,Дом жилой,Екатеринбург,"г. Екатеринбург, ул. 8 Марта, д. 29",с 1850 до 1880,Домик,Удовлетворительное
661610732320005,Дом мещанина К.А. Чудинова,Екатеринбург,"г. Екатеринбург, ул. 8 Марта, д. 30",с 1800 до 1850,Домик,Удовлетворительное
661610732330005,Дом Яковлева В.А.,Екатеринбург,"г. Екатеринбург, ул. 8 Марта, д. 31",с 1880 до 1900,Домик,Хорошее
661610732370006,Загородная дача архитектора Малахова М.П.,Екатеринбург,"г. Екатеринбург, ул. Луначарского, д. 173а",с 1800 до 1850,Домик,Удовлетворительное
661610732460005,Дом Дьяконовой в духе эклектики,Екатеринбург,"г. Екатеринбург, ул. Белинского, д. 11",с 1880 до 1900,Домик,Руины
661610732980005,Гимназия женская,Екатеринбург,"г. Екатеринбург, ул. Вайнера, д. 2 / ул. Антона Валека, д.11",с 1920 до 1940,Дворец,Удовлетворительное
661610733050005,Здание Уральского горного училища,Екатеринбург,"г. Екатеринбург, проспект Ленина, д. 28 / ул. Воеводина, д. 2",с 1880 до 1900,Дворец,Хорошее
661610733070005,Доходный дом купца Е.Е. Емельянова,Екатеринбург,"г. Екатеринбург, ул. Вайнера, д.12 / ул. Попова, д. 2",с 1850 до 1880,Домик,Удовлетворительное
661610733100006,"Здание мужской гимназии, где были созданы первые революционные и марксистские кружки на Урале",Екатеринбург,"г. Екатеринбург, пр. Ленина, д. 33",с 1880 до 1900,Домик,Удовлетворительное
661610733150005,"Книжный магазин Куренщиковой, использовавшийся в 1905 г. как место большевистской явки",Екатеринбург,"г. Екатеринбург, пр. Ленина, д. 38",с 1900 до 1920,Дворец,Удовлетворительное
661610733220005,Дом Связи,Екатеринбург,"г. Екатеринбург, пр. Ленина, д. 39",с 1920 до 1940,Многоэтажка,Хорошее
661610733230006,Клуб строителей (киностудия),Екатеринбург,"г. Екатеринбург, пр. Ленина, д. 50",с 1920 до 1940,Многоэтажка,Удовлетворительное
661610733270005,Дом жилой с магазином (дом Телегиных),Екатеринбург,"г. Екатеринбург, ул. Попова, д. 1/ ул. Вайнера, д. 14",с 1850 до 1880,Домик,Удовлетворительное
661610733340005,Доходный дом М.И. и В.И. Дмитриевых,Екатеринбург,"г. Екатеринбург, ул. Вайнера, д. 16",с 1880 до 1900,Домик,Удовлетворительное
661610733360005,Здание Сибирского торгового банка,Екатеринбург,"г. Екатеринбург, пр. Ленина, д. 27",с 1900 до 1920,Домик,Удовлетворительное
661610733390005,Доходный дом Хребтовой,Екатеринбург,"г. Екатеринбург, ул. Вайнера, д. 26",с 1850 до 1880,Дворец,Хорошее
661610735280004,Магазин,Екатеринбург,"г. Екатеринбург, ул. 8 Марта, д. 19, литер Б",с 1900 до 1920,Домик,Удовлетворительное
661610735290005,Здание бывшего жилого дома чиновника Смородинцева,Ирбит,"г. Ирбит, ул. Орджоникидзе, д. 18",период не определен,Домик,Руины
661610735300005,Дом А.Д. Андреевой,Екатеринбург,"г. Екатеринбург, ул. Белинского, д. 59",с 1880 до 1900,Домик,Руины
661610735310006,Странноприимный дом (монастырская гостиница),Екатеринбург,"г. Екатеринбург, ул. 8 Марта, д. 68 / ул. Декабристов, д. 56, литера А",с 1800 до 1850,Домик,Хорошее
661610735320005,Дом крестьянина им. В.И. Ленина,Екатеринбург,"г. Екатеринбург, ул. 8 Марта, д. 36",период не определен,Многоэтажка,Хорошее
661610735330005,Часовня,Екатеринбург,"г. Екатеринбург, ул. 8 Марта",с 1900 до 1920,Церковь,Хорошее
661610735340005,Дом жилой,Екатеринбург,"г. Екатеринбург, ул. 8 Марта, д. 16",с 1880 до 1900,Домик,Удовлетворительное
661610735350005,"Дом фабриканта, богатый художественной лепкой во внутренних помещениях",Екатеринбург,"г. Екатеринбург, ул. Пролетарская, д. 3",с 1880 до 1900,Завод,Хорошее
661610735360005,Дом купцов Яковлевых - А.Е. Борчанинова,Екатеринбург,"г. Екатеринбург, ул. 8 Марта, д. 18",с 1880 до 1900,Домик,Плохое
661610735370005,Здание бывшего Совнархоза,Екатеринбург,"г. Екатеринбург, проспект Ленина, д. 51",с 1940 до 1960,Многоэтажка,Хорошее
661610735400005,Дом мещанина Н.В. Лазарева,Екатеринбург,"г. Екатеринбург, ул. Вайнера, д. 30",с 1880 до 1900,Домик,Хорошее
661610735420005,Особняк мещанина П.Ф. Блинова,Екатеринбург,"г. Екатеринбург, ул. Вайнера, д. 38",с 1880 до 1900,Домик,Хорошее
661610735430005,"Здание химико-технологического факультета Уральского лесотехнического института, где в 1930-1967 гг. работал ученый лесохимик В.Н. Козлов",Екатеринбург,"г. Екатеринбург, пр. Ленина, д. 79",с 1940 до 1960,Дворец,Руины
661610735450005,Дом жилой,Екатеринбург," г. Екатеринбург, проспект Ленина, д. 58",с 1940 до 1960,Многоэтажка,Хорошее
661610735460005,Дом жилой,Екатеринбург,"г. Екатеринбург, пр. Ленина, д. 60",с 1940 до 1960,Многоэтажка,Удовлетворительное
661610735490005,Здание первого городского театра,Екатеринбург,"г. Екатеринбург, пр. Ленина, д. 43/ул. Карла Либкнехта, д. 15",с 1900 до 1920,Дворец,Удовлетворительное
661610736070005,Здание Духовного училища. Учебный корпус Свердловского института народного хозяйства,Екатеринбург,"г. Екатеринбург, ул. 8 Марта, д. 62 / ул. Народной Воли, д. 45",с 1850 до 1880,Дворец,Хорошее
661610736090005,Дом купца О.К. Козицына,Екатеринбург,"г. Екатеринбург, ул. 8 Марта, д. 3",с 1800 до 1850,Домик,Удовлетворительное
661610736100005,Доходный дом купца Чувильдина,Екатеринбург,"г. Екатеринбург, ул. Горького, д. 14",с 1900 до 1920,Домик,Хорошее
661610736200005,Дом жилой,Екатеринбург,"г. Екатеринбург, пр. Ленина, д. 46",с 1940 до 1960,Многоэтажка,Удовлетворительное
661610736940005,Здание театра музыкальной комедии,Екатеринбург,"г. Екатеринбург, пр. Ленина, д. 47/ул. Карла Либкнехта, д. 20",с 1940 до 1960,Дворец,Хорошее
661610736950004,Дом жилой,Екатеринбург,"г. Екатеринбург, пр. Ленина, 29/ул. Володарского, д. 2",с 1920 до 1940,Многоэтажка,Удовлетворительное
661610737020005,Дом жилой,Екатеринбург,"г. Екатеринбург, проспект Ленина, д. 22-а",с 1940 до 1960,Многоэтажка,Хорошее
661610737140005,Дом У.О. Петелиной,Екатеринбург,"г. Екатеринбург, ул. Добролюбова, д. 14",с 1800 до 1850,Домик,Удовлетворительное
661610737190005,Особняк фабриканта И.Ф. Круковского,Екатеринбург,"г. Екатеринбург, ул. Карла Либкнехта, д. 45, литера А",с 1900 до 1920,Завод,Удовлетворительное
661610737330005,Здание Нуровского приюта с домовой церковью,Екатеринбург,"г. Екатеринбург, ул. Куйбышева, д. 39/ул. Хохрякова, д. 83, литера Е",с 1850 до 1880,Церковь,Хорошее
661610747140005,Церковь,Нижнесергинский район,"Нижнесергинский район, с. Кленовское, ул. Ленина, д. 79",до 1800,Церковь,Руины
661610747720005,Зерновой амбар общинного пользования,Гаринский район,"Гаринский район, д. Петрова",с 1900 до 1920,Амбар,Не доступен
661610747740005,Клетская изба В.И. Серовой,Гаринский район,"Гаринский район, д. Линты, д. 1а",с 1850 до 1880,Изба,Не доступен
661610747750005,Церковь,Гаринский район,"Гаринский район, с. Андрюшино, ул. Советская, д. 18а",с 1900 до 1920,Церковь,Плохое
661610747760005,Зерновой однокамерный амбар (житница),Гаринский район,"Гаринский район, д. Зыкова, ул. Новая, д. 12а",с 1880 до 1900,Амбар,Не доступен
661610747780006,"Здание Оперного театра, в котором 8 ноября (26 октября) 1917 г. на открытом заседании Екатеринбургский Совет рабочих и солдатских депутатов провозгласил установление советской власти в городе и на Урале",Екатеринбург,"г. Екатеринбург, пр. Ленина, д. 46а",с 1900 до 1920,Дворец,Хорошее
661610747790006,Дом жилой,Екатеринбург,"г. Екатеринбург, ул. Карла Маркса, д. 20",с 1900 до 1920,Изба,Удовлетворительное
661610747800005,Здание административное,Екатеринбург,"г. Екатеринбург, пр. Ленина, д. 34 (ул. Пушкина, д. 11)",с 1940 до 1960,Многоэтажка,Хорошее
661610747810006,"Здание бывшего Окружного суда, где в 1918 г. находился первый в стране Уральский комиссариат труда",Екатеринбург,"г. Екатеринбург, пр. Ленина, д. 35",с 1850 до 1880,Дворец,Хорошее
661610747820005,Доходный дом М.М. Денисова,Екатеринбург,"г. Екатеринбург, ул. Вайнера, д. 72 / ул. Куйбышева, д. 45",с 1900 до 1920,Домик,Хорошее
661610756650005,Здание Горсовета,Екатеринбург,"г. Екатеринбург, пр. Ленина, д. 24-а",с 1940 до 1960,Многоэтажка,Хорошее
661610944170005,Особняк,Екатеринбург,"г. Екатеринбург, ул. Кирова, д. 1",с 1850 до 1880,Домик,Удовлетворительное
661620668520005,Симановская мельница,Екатеринбург,"г. Екатеринбург, ул. Челюскинцев, д. 58",с 1880 до 1900,Ансамбль,Ансамбль
661620702880005,Усадьба купца Ваганова,Екатеринбург,"г. Екатеринбург, ул. Радищева, д. 6-8",с 1850 до 1880,Ансамбль,Ансамбль
661710747610005,"Дом, где в мае 1919 г. проходило первое собрание комсомольцев и возникла городская организация РКСМ",Нижний Тагил,"г. Нижний Тагил, пр. Ленина, д. 7",с 1900 до 1920,Домик,Удовлетворительное
661710747620005,"Дом, где в 1918 г. формировались кавалерийские части Красной Армии",Нижний Тагил,"г. Нижний Тагил, пр. Ленина, д. 17",с 1900 до 1920,Домик,Удовлетворительное
661710747630005,"Дом, в котором находился в 1918 г. штаб Красной гвардии",Нижний Тагил,"г. Нижний Тагил, пр. Ленина, д. 21",с 1920 до 1940,Домик,Хорошее
661710747640005,"Здание, где в 1900 г. возник первый в городе революционный кружок. В 1932 г. жил выдающийся поэт татарского народа Муса Джалиль",Серов,"г. Серов, ул. Агломератчиков, д. 9",с 1900 до 1920,Изба,Удовлетворительное
661710747650005,"Здание, где в 1918 г. жила известная Уральская большевичка, соратница Я.М. Свердлова - К.И. Кирсанова",Серов,"г. Серов, ул. Агломератчиков, д. 13",с 1900 до 1920,Изба,Плохое
661710747660005,Плотина городского пруда,Каменск-Уральский,"г. Каменск-Уральский, ул. Карла Маркса",до 1800,Мост,Хорошее
661710747670005,Дом купца Н.А. Грачева,Екатеринбург,"г. Екатеринбург, ул. Чернышевского, д. 2/44",с 1880 до 1900,Домик,Хорошее
661710747690005,Дом купца А.В. Бородина,Екатеринбург,"г. Екатеринбург, пр. Ленина, д. 17а",с 1880 до 1900,Дворец,Хорошее
661710747700005,Дом жилой,Екатеринбург,"г. Екатеринбург, проспект Ленина, д. 9",с 1850 до 1880,Домик,Хорошее
661710747710006,Могила Бажова Павла Петровича (1879-1950),Екатеринбург,"г. Екатеринбург, Ивановское кладбище",с 1900 до 1920,Монумент,Хорошее
661710750740005,Здание Епархиального женского училища,Екатеринбург,"г. Екатеринбург, пер. Университетский, д. 9",с 1900 до 1920,Дворец,Хорошее
661710751310005,"Дом бывшего управителя Кушвинского чугунолитейного завода, где в 1848-1852 гг. жил инженер металлург П.М. Обухов",Кушва,"г. Кушва, ул. Первомайская, д. 36",с 1850 до 1880,Завод,Удовлетворительное
661710751320005,Здание бывшего казначейства,Ирбит,"г. Ирбит, ул. Ленина, д. 17",с 1850 до 1880,Домик,Удовлетворительное
661710751330005,"Деревянное здание, украшенное резьбой",Ирбит,"г. Ирбит, ул. Ленина, д. 30",с 1880 до 1900,Изба,Удовлетворительное
661710751340005,Каменный 2-этажный особняк конца XIX в.,Ирбит,"г. Ирбит, ул. Ленина, д. 41",с 1880 до 1900,Домик,Хорошее
661710751350005,Каменное здание - бывший винокуренный завод,Ирбит,"г. Ирбит, ул. Карла Маркса, д. 124",с 1800 до 1850,Завод,Удовлетворительное
661710751360005,Бывший дом Мурзиной,Ирбит,"г. Ирбит, ул. Володарского, д. 8",с 1850 до 1880,Домик,Хорошее
661710751370005,Здание - образец жилищного строительства конца XIX в.,Ирбит,"г. Ирбит, ул. Володарского, д. 7",с 1850 до 1880,Домик,Хорошее
661710751380005,Здание - образец городского жилищного строительства середины XIX в.,Ирбит,"г. Ирбит, ул. Карла Либкнехта, д. 9",с 1800 до 1850,Домик,Хорошее
661710751390005,Бывший дом купца Кондырева,Ирбит,"г. Ирбит, ул. Карла Либкнехта, д. 11",с 1800 до 1850,Домик,Руины
661710751400015,Ворота,Ирбит,"г. Ирбит, ул. Карла Маркса, д. 37",с 1880 до 1900,Ворота,Хорошее
661710751410005,"Здание, в котором в 1918 г. проходили первые заседания Ирбитского уездного исполнительного комитета Совета рабочих, крестьянских и солдатских депутатов, помещалась чрезвычайная комиссия Уралоблсовета",Ирбит,"г. Ирбит, ул. Орджоникидзе, д. 30",с 1900 до 1920,Домик,Удовлетворительное
661710751420005,Бывший дом купца Зязина,Ирбит,"г. Ирбит, ул. Орджоникидзе, д. 32",с 1800 до 1850,Домик,Удовлетворительное
661710751430005,Бывшая лавка купца Зязина,Ирбит,"г. Ирбит, ул. Орджоникидзе, д. 34",с 1800 до 1850,Домик,Удовлетворительное
661710751440005,"Двухэтажный каменный особняк, украшенный резьбой",Ирбит,"г. Ирбит, ул. Орджоникидзе, д. 38",с 1800 до 1850,Домик,Плохое
661710751450005,Доходный дом Кузнецовой в стиле модерн,Екатеринбург,"г. Екатеринбург, ул. Розы Люксембург, д. 16",с 1900 до 1920,Дворец,Хорошее
661710751460005,"Дом, в котором в 1907-1908 гг. находилась подпольная типография большевиков",Екатеринбург,"г. Екатеринбург, ул. Синяева, д. 60",с 1900 до 1920,Домик,Не существует
661710751470005,"Дом, в котором в июне 1917 г. помещалась первая легальная большевистская типография ""Прибой"", с 6 сентября 1917 г. печаталась газета ""Уральский рабочий""",Екатеринбург,"г. Екатеринбург, ул. Сони Морозовой, д. 192",с 1900 до 1920,Домик,Не существует
661710751480005,"Дом, в котором в 1914-1916 гг. размещалась больничная касса ВИЗа, где секретарем работал И.М. Малышев",Утрачен,Утрачен,с 1900 до 1920,Домик,Не доступен
661710751490005,Могила художника В.А. Кузнецова,Верхняя Салда,"г. Верхняя Салда, городское кладбище",после 1960,Монумент,Хорошее
661710751500005,"Могила Казанцева Д.И., селекционера",Екатеринбург,"г. Екатеринбург, Ивановское кладбище",с 1900 до 1920,Монумент,Хорошее
661710751510005,Могила архитектора К.Т. Бабыкина,Екатеринбург,"г. Екатеринбург, Ивановское кладбище",после 1960,Монумент,Хорошее
661710751520015,Дом,Екатеринбург,"г. Екатеринбург, ул. Шейнкмана, д. 42",с 1850 до 1880,Домик,Не доступен
661710751520025,Ворота,Екатеринбург,"г. Екатеринбург, ул. Шейнкмана, д. 42",с 1850 до 1880,Ворота,Не доступен
661710751530005,"Место захоронения 64 советских воинов, умерших от ран в госпиталях г. Свердловска в 1941-1945 гг.",Екатеринбург,"г. Екатеринбург, Михайловское кладбище",с 1940 до 1960,Монумент,Не доступен
661710751540005,"Дом, во дворе которого находилась частная типография, где 22 апреля 1917 г. вышел первый номер газеты ""Уральский рабочий"" под названием ""Уральская правда""",Екатеринбург,"г. Екатеринбург, ул. Розы Люксембург, д. 15",с 1900 до 1920,Домик,Не существует
661710751550005,Здание бывшего склада купца Зязина,Ирбит,"г. Ирбит, ул. Володарского, д. 21",период не определен,Амбар,Удовлетворительное
661710751560005,Бывший дом купца Крупмана (торговля мануфактурой),Ирбит,"г. Ирбит, ул. Володарского, д. 23",период не определен,Домик,Хорошее
661710751820005,Пансион женского епархиального училища,Екатеринбург,"г. Екатеринбург, ул. Декабристов, д. 58",с 1900 до 1920,Дворец,Хорошее
661710751830005,Дом с мезонином в стиле модерн,Екатеринбург,"г. Екатеринбург, ул. Венгерских коммунаров, д. 56-а",с 1900 до 1920,Домик,Не существует
661710752950005,Здание бывшего торгового корпуса,Ирбит,"г. Ирбит, ул. Карла Маркса, д. 47",с 1880 до 1900,Дворец,Удовлетворительное
661710752960005,Здание - образец жилищного строительства конца XIX в.,Ирбит,"г. Ирбит, ул. Орджоникидзе, д. 41",с 1880 до 1900,Домик,Плохое
661710752970005,Здание бывшего церковно-приходского училища,Ирбит,"г. Ирбит, ул. Карла Маркса, д. 59",с 1880 до 1900,Церковь,Удовлетворительное
661710752980005,Могила поэта А.Я. Коца,Екатеринбург,"г. Екатеринбург, Михайловское кладбище",с 1940 до 1960,Монумент,Хорошее
661710755230005,Дом горного землемера Г.С. Ярутина,Екатеринбург,"г. Екатеринбург, ул. Белинского, д. 3",с 1900 до 1920,Домик,Не существует
661710755240016,Универмаг,Екатеринбург,"г. Екатеринбург, пр. Ленина, д. 69, корп. 10",с 1920 до 1940,Многоэтажка,Удовлетворительное
661710755240026,Детский сад,Екатеринбург,"г. Екатеринбург, пр. Ленина, д. 69, корп. 12",с 1920 до 1940,Многоэтажка,Плохое
661710755240036,Дом культуры им. Ф.Э. Дзержинского,Екатеринбург,"г. Екатеринбург, пр. Ленина, д. 69, корп. 10",с 1920 до 1940,Многоэтажка,Удовлетворительное
661710755240046,"Гостиница ""Исеть""",Екатеринбург,"г. Екатеринбург, пр. Ленина, д. 69, корп. 1",с 1920 до 1940,Многоэтажка,Плохое
661710755240056,Жилой дом,Екатеринбург,"г. Екатеринбург, пр. Ленина, д. 69, корп. 14",с 1920 до 1940,Многоэтажка,Плохое
661710755240066,Жилой дом,Екатеринбург,"г. Екатеринбург, пр. Ленина, д. 69, корп. 13",с 1920 до 1940,Многоэтажка,Плохое
661710755240076,Жилой дом,Екатеринбург,"г. Екатеринбург, пр. Ленина, д. 69, корп. 6, 7, 8",с 1920 до 1940,Многоэтажка,Плохое
661710755240086,Жилой дом,Екатеринбург,"г. Екатеринбург, пр. Ленина, д. 69, корп. 2, 3, 4, 5",с 1920 до 1940,Домик,Плохое
661710755240096,Столовая,Екатеринбург,"г. Екатеринбург, пр. Ленина, д. 69, корп. 10",с 1920 до 1940,Многоэтажка,Удовлетворительное
661710755300005,Памятник-бюст Героя Советского Союза Н.И. Кузнецова,Талицкий район,"Талицкий район, д. Зырянка",с 1920 до 1940,Монумент,Не доступен
661710755310005,"Здание Зырянской начальной школы, в которой в 1918-1922 гг. учился Н.И. Кузнецов",Талицкий район,"Талицкий район, д. Зырянка",с 1920 до 1940,Домик,Не доступен
661710755340005,"Здание, где в 1917 г. находился центральный Совет фабзавкомов Богословского горного округа",Серов,"г. Серов, ул. Толстого, д. 14",с 1900 до 1920,Домик,Хорошее
661710755350005,"Здание, где в 1918 г. размещался Надеждинский комитет РСДРП (б) и штаб Красной Армии",Серов,"г. Серов, ул. Загородка, д. 3",с 1900 до 1920,Изба,Удовлетворительное
661710755360005,Дворец культуры металлургов (в стиле конструктивизма),Серов,"г. Серов, ул. Кузьмина, д. 1",с 1920 до 1940,Дворец,Удовлетворительное
661710755390004,"Дом жилой. Кинотеатр ""Заря""",Екатеринбург,"г. Екатеринбург, ул. Баумана, д. 2",с 1940 до 1960,Дворец,Хорошее
661710755410004,2-й Дом горсовета,Екатеринбург,"г. Екатеринбург, ул. Пушкина, д. 9, литеры А, А1, А2",с 1920 до 1940,Многоэтажка,Плохое
661710755420004,Жилой дом Уралплана,Екатеринбург,"г. Екатеринбург, ул. Пушкина, д. 14",с 1920 до 1940,Многоэтажка,Удовлетворительное
661710755430004,Дом Г.С. Кудрина,Екатеринбург,"г. Екатеринбург, ул. Розы Люксембург, д. 18",с 1880 до 1900,Домик,Удовлетворительное
661710755440004,Дом А.С. Ягодкиной,Екатеринбург,"г. Екатеринбург, ул. Розы Люксембург, д. 45",с 1880 до 1900,Домик,Удовлетворительное
661710755450004,Дом жилой,Екатеринбург,"г. Екатеринбург, ул. Стахановская, д. 1 / пр. Орджоникидзе, д. 10",с 1940 до 1960,Многоэтажка,Удовлетворительное
661710755470004,Транспортная контора О.П. Карповой,Екатеринбург,"г. Екатеринбург, ул. Челюскинцев, д. 100",с 1900 до 1920,Домик,Удовлетворительное
661710755480004,Дом А.И. Звонарева,Екатеринбург,"г. Екатеринбург, ул. Карла Маркса, д. 4 / ул. Горького, д. 32",с 1850 до 1880,Домик,Хорошее
661710755530005,Дворец культуры железнодорожников с северным блоком,Екатеринбург,"г. Екатеринбург, ул. Челюскинцев, д. 102",с 1940 до 1960,Дворец,Хорошее
661710755580005,Памятник легендарному разведчику Герою Советского Союза Н.И. Кузнецову,Талица,"г. Талица, сквер на пересечении улиц Ленина и Кузнецова - переулка Первомайского",после 1960,Монумент,Хорошее
661710755610005,Имение Поклевских-Козелл. Главный дом,Талица,"г. Талица, ул. Ленина, д. 38",с 1850 до 1880,Домик,Удовлетворительное
661710756580005,Особняк И.М. Федорова,Екатеринбург,"г. Екатеринбург, ул. Чернышевского, д. 9",с 1800 до 1850,Домик,Плохое
661710756590005,Церковь Воздвижения Креста Господня,Екатеринбург,"г. Екатеринбург, ул. Карла Маркса, д. 31",с 1850 до 1880,Церковь,Удовлетворительное
661710756600005,Дом городского головы Симанова как пример городского особняка второй половины XIX в.,Екатеринбург,"г. Екатеринбург, ул. Попова, д. 4",с 1850 до 1880,Домик,Хорошее
661710756610005,Приемный земский покой,Екатеринбург,"г. Екатеринбург, ул. Карла Маркса, д. 8-а",с 1850 до 1880,Домик,Хорошее
661710756620005,Дом купца Суслова П.П.,Екатеринбург,"г. Екатеринбург, ул. Розы Люксембург, д. 5",с 1880 до 1900,Домик,Удовлетворительное
661710756630005,Дом купца С.И. Лопатина,Екатеринбург,"г. Екатеринбург, ул. Розы Люксембург, д. 7",с 1850 до 1880,Домик,Удовлетворительное
661710756640005,Дом жилой,Екатеринбург,"г. Екатеринбург, пр. Ленина, д. 13-а",с 1940 до 1960,Многоэтажка,Хорошее
661710756660006,Здание аптеки горного ведомства,Екатеринбург,"г. Екатеринбург, пр. Ленина, д. 37",с 1800 до 1850,Дворец,Удовлетворительное
661710756670006,Дом Горсовета,Екатеринбург,"г. Екатеринбург, пр. Ленина, д. 36",с 1920 до 1940,Многоэтажка,Удовлетворительное
661710756680006,"Здание типографии издательства ""Уральский рабочий""",Екатеринбург,"г. Екатеринбург, пр. Ленина, д. 49",с 1920 до 1940,Многоэтажка,Удовлетворительное
661710757820005,Здание железнодорожного вокзала,Красноуфимск,"г. Красноуфимск, ул. Станционная, д. 11",с 1900 до 1920,Домик,Удовлетворительное
661710757830005,Первая казачья изба,Красноуфимск,"г. Красноуфимск, ул. Р. Горбуновой, д. 35",до 1800,Изба,Руины
661710757840005,"Здание бывшего Красноуфимского промышленного училища, где работали агрономы: Н.А. Соковнин, Н.Л. Скалозубов, В.Н. Варгин",Красноуфимск,"г. Красноуфимск, ул. Ленина, д. 79",период не определен,Дворец,Удовлетворительное
661710757850015,Церковь деревянная,Красноуфимск,"г. Красноуфимск, ул. Транспортная, д. 1-а",с 1800 до 1850,Церковь,Хорошее
661710757850025,Ворота и ограда,Красноуфимск,"г. Красноуфимск, ул. Транспортная, д. 1, 1 а",с 1800 до 1850,Ворота,Плохое
661710757850035,Часовня деревянная,Красноуфимск,"г. Красноуфимск, ул. Транспортная, д. 1",с 1800 до 1850,Церковь,Удовлетворительное
661710757850045,Часовня каменная,Красноуфимск,"г. Красноуфимск, ул. Транспортная, д. 1",с 1800 до 1850,Церковь,Плохое
661710757860005,Могила врача М.И. Мизерова,Красноуфимск,"г. Красноуфимск, городское кладбище",с 1900 до 1920,Монумент,Хорошее
661710757870005,"Здание бывшей земской уездной больницы, где в 1886-1909 гг. работал врач М.И. Мизеров",Красноуфимск,"г. Красноуфимск, ул. Свободы, д. 16",с 1880 до 1900,Домик,Хорошее
661710757880005,"Здание бывшей земской управы, где в январе 1918 г. проходил первый Красноуфимский съезд Советов",Красноуфимск,"г. Красноуфимск, ул. Советская, д. 17",с 1900 до 1920,Дворец,Удовлетворительное
661710757890005,"Дом, в котором в 1941-1945 годы жила Е.Д. Стасова, видный деятель большевистской партии с 1898 года, соратница В.И. Ленина",Красноуфимск,"г. Красноуфимск, ул. Пролетарская, д. 101",с 1940 до 1960,Изба,Плохое
661710757900005,"Здание, в котором в 1919 г. размещался штаб 28 двизии под командованием В.М. Азина",Красноуфимск,"г. Красноуфимск, ул. Пролетарская, д. 50",с 1900 до 1920,Домик,Плохое
661710757910005,Дом врача Э.М. Сенкевича,Красноуфимск,"г. Красноуфимск, ул. Октября, д. 29 / ул. Мизерова, д. 50",с 1850 до 1880,Домик,Удовлетворительное
661710757920005,Александро-Невская (Красная) церковь,Красноуфимск,"г. Красноуфимск, ул. Мизерова, д. 88",с 1900 до 1920,Церковь,Хорошее
661710757930005,"Здание, где в 1918 г. проходило формирование кавалерийского полка им. Володарского",Красноуфимск,"г. Красноуфимск, ул. Ленина, д. 120",с 1900 до 1920,Изба,Удовлетворительное
661710757940005,Корпус винокуренного завода,Красноуфимск,"г. Красноуфимск, ул. Мизерова, д. 66",с 1900 до 1920,Завод,Удовлетворительное
661710757950005,Доходный дом К.А. Шевелина,Красноуфимск,"г. Красноуфимск, ул. Рогозинниковых, д. 35",с 1850 до 1880,Домик,Удовлетворительное
661710757960005,Могила братьев Морозовых. Памятник Павлику Морозову,Тавдинский городской округ,"Тавдинский городской округ, д. Герасимовка",с 1940 до 1960,Монумент,Не доступен
661710757970005,"Памятник на месте, где стоял дом, в котором родился пионер-герой П. Морозов",Тавдинский район,"Тавдинский район, д. Герасимовка",после 1960,Монумент,Не доступен
661710757980005,"Школа, в которой учился пионер-герой П. Морозов",Тавдинский район,"Тавдинский район, д. Герасимовка",период не определен,Домик,Не доступен
661710757990005,Склад технических материалов Михайловского металлургического завода,Нижнесергинский район,"Нижнесергинский район, Михайловский металлургический завод",с 1800 до 1850,Завод,Не доступен
661710758000005,Литейный цех Верхне-Сергинского долотного завода,Нижнесергинский район,"Нижнесергинский район, р.п. Верхние Серги, долотный завод",до 1800,Завод,Не доступен
661710758010005,"Здание Талицкого лесотехникума, в котором учился в 1927-1929 гг. Н.И. Кузнецов",Талица,"г. Талица, ул. Луначарского, д. 81д",с 1920 до 1940,Изба,Хорошее
661710758020005,Бюст Героя Советского Союза А.К. Серова,Серов,"г. Серов, в 27 м на юг от здания школы № 20 по ул. Ленина, д. 167",с 1940 до 1960,Монумент,Хорошее
661710758030005,"Братская могила партийных и советских работников, погибших от рук колчаковцев",Серов,"г. Серов, Старый поселок",период не определен,Монумент,Удовлетворительное
661710758040005,"""Царская"" церковь",Невьянск,"г. Невьянск, ул. Крылова, д. 20",с 1850 до 1880,Церковь,Удовлетворительное
661710758050005,"Здание, в котором находилось первое женское училище в городе, в 20-30 гг. XX в. - первая образцовая школа им. Н.К. Крупской",Нижний Тагил,"г. Нижний Тагил, ул. Тагильская, д. 1",с 1920 до 1940,Домик,Хорошее
661710758060005,Здание Суворовского военного училища,Екатеринбург,"г. Екатеринбург, пр. Ленина, д. 105/ул. Мира, д. 26",с 1940 до 1960,Дворец,Удовлетворительное
661710758300005,"Дом, в котором размещались первые из Уральских профсоюзов - Союз металлургов и Союз деревоотделочников",Екатеринбург,"г. Екатеринбург, ул. Розы Люксембург, д. 27",с 1900 до 1920,Домик,Хорошее
661710758310005,Дом Оленева Ф.В.,Екатеринбург,"г. Екатеринбург, ул. Розы Люксембург, д. 36",с 1850 до 1880,Домик,Хорошее
661710758320005,Дом Размахина М.Я.,Екатеринбург,"г. Екатеринбург, ул. Розы Люксембург, д. 39 / ул. Карла Маркса, д. 18",с 1880 до 1900,Изба,Удовлетворительное
661710758330005,Дом А.Е. Шубиной,Екатеринбург,"г. Екатеринбург, ул. Розы Люксембург, д. 43",с 1940 до 1960,Изба,Хорошее
661710758340005,Дом Мевиус В.Ф.,Екатеринбург,"г. Екатеринбург, ул. Розы Люксембург, д. 20",с 1850 до 1880,Изба,Удовлетворительное
661710758350005,Здание общественное,Екатеринбург,"г. Екатеринбург, ул. Бажова, д. 137",с 1900 до 1920,Домик,Хорошее
661710758360005,Особняк Д.А. Бахарева,Байкалово,"с. Байкалово, ул. Советская, д. 2",с 1880 до 1900,Домик,Не доступен
661710758670005,"Дом Клементьевой, где в 1905 г. был тайный склад оружия",Екатеринбург,"г. Екатеринбург, ул. Карла Маркса, д. 2",с 1900 до 1920,Амбар,Хорошее
661710758680005,Дом Я.Г. Делинина,Екатеринбург,"г. Екатеринбург, ул. Хохрякова, д. 6",с 1850 до 1880,Домик,Удовлетворительное
661710758690005,Дом купца В.И. Кудряшова,Екатеринбург,"г. Екатеринбург, ул. Хохрякова, д. 24",с 1850 до 1880,Домик,Хорошее
661710758700006,Введенский собор,Карпинск,г. Карпинск,до 1800,Церковь,Не доступен
661710758710005,Дом Д.И. Белоусова,Екатеринбург,"г. Екатеринбург, ул. Хохрякова, д. 9",с 1880 до 1900,Домик,Хорошее
661710758720005,Дом М.Ф. Медведева,Екатеринбург,"г. Екатеринбург, ул. Хохрякова, д. 64",с 1880 до 1900,Домик,Удовлетворительное
661710758780005,Дом мещанина Г.Я. Трусова,Екатеринбург,"г. Екатеринбург, ул. Хохрякова, д. 31",с 1880 до 1900,Домик,Удовлетворительное
661710759150005,Дом купцов Агафуровых,Екатеринбург," г. Екатеринбург, ул. Сакко и Ванцетти, д. 28",с 1880 до 1900,Изба,Удовлетворительное
661710759160005,Дом А.М. Фомина,Екатеринбург,"г. Екатеринбург, ул. Розы Люксембург, д. 26",с 1900 до 1920,Домик,Хорошее
661710759170004,"Здание кинотеатра ""40 лет Октября""",Лесной,"г. Лесной, ул. Ленина, д. 41",с 1940 до 1960,Домик,Не доступен
661710759180005,Здание Педагогического института (Дом купца И.Г. Пшеничникова),Екатеринбург,"г. Екатеринбург, набережная Рабочей молодежи, д. 2",с 1800 до 1850,Дворец,Хорошее
661710759190005,Дом мещанина А.А. Попова,Екатеринбург,"г. Екатеринбург, ул. Хохрякова, д. 42-а",с 1880 до 1900,Домик,Хорошее
661710759200004,"Дом культуры ""Современник""",Лесной,"г. Лесной, ул. Ленина, д. 22",с 1940 до 1960,Домик,Не доступен
661710759210005,Дом Башуровой,Екатеринбург,"г. Екатеринбург, ул. Хохрякова, д. 68",с 1900 до 1920,Домик,Руины
661710759220005,Дом К.М. Панова,Екатеринбург," г. Екатеринбург, ул. Сакко и Ванцетти, д. 23",с 1880 до 1900,Изба,Плохое
661710759230005,Дом купца А.С. Лебедева,Екатеринбург," г. Екатеринбург, ул. Сакко и Ванцетти, д. 25",с 1880 до 1900,Изба,Плохое
661710759240005,Бывший Троицкий собор,Каменск-Уральский,"г. Каменск-Уральский, ул. Ленина, д. 126",с 1800 до 1850,Церковь,Плохое
661710759250005,Дом жилой И.А. Петрова,Екатеринбург,"г. Екатеринбург, ул. Малышева, д. 41 / ул. Толмачева, д. 1",с 1850 до 1880,Домик,Хорошее
661710759290005,Церковь,Каменский район,"Каменский район, с. Маминское, ул. Чапаева, д. 1Г",с 1850 до 1880,Церковь,Удовлетворительное
661710759300005,Церковь Ильи Пророка,Каменский район,"Каменский район, с. Смолинское",с 1800 до 1850,Церковь,Руины
661710759310005,Церковь Николаевская,Каменский район,"Каменский район, с. Исетское",с 1900 до 1920,Церковь,Руины
661710759320005,Церковь Петра и Павла,Каменский район,"Каменский район, с. Кисловское",с 1850 до 1880,Церковь,Удовлетворительное
661710759330005,Церковь Флора и Лавра,Каменский район,"Каменский район, с. Пирогово",с 1800 до 1850,Церковь,Плохое
661710759340005,Церковь Христорождественская,Каменский район,"Каменский район, с. Сосновское",с 1900 до 1920,Церковь,Хорошее
661710759350005,Церковь Введенская,Каменский район,"Каменский район, с. Травянское",с 1800 до 1850,Церковь,Руины
661710759360005,Церковь Тихвинская,Каменский район,"Каменский район, с. Рыбниковское",с 1800 до 1850,Церковь,Руины
661710759370005,Церковь Троицы,Каменский район,"Каменский район, с. Троицкое",с 1900 до 1920,Церковь,Руины
661710759380006,Мост через реку Исеть,Екатеринбург,"г. Екатеринбург, ул. Малышева",с 1850 до 1880,Мост,Удовлетворительное
661710759390005,Здание бывшей городской думы,Екатеринбург,"г. Екатеринбург, ул. Малышева, д. 46",с 1900 до 1920,Домик,Хорошее
661710760150005,Сретенская церковь,Шалинский район,"Шалинский район, с. Сылва",с 1850 до 1880,Церковь,Не доступен
661710760160005,"Здание гостиницы ""Эрмитаж"", в котором в 1928 г. останавливался В.В. Маяковский",Екатеринбург,"г. Екатеринбург, ул. Малышева, д. 56",с 1920 до 1940,Домик,Удовлетворительное
661710760180005,Доходный дом,Екатеринбург,"г. Екатеринбург, ул. Малышева, д. 58/37",с 1850 до 1880,Домик,Удовлетворительное
661710760190005,Здание фотоателье Ф.С. Мурдасова и А.Ф. Кузнецова,Екатеринбург,"г. Екатеринбург, ул. Малышева, д. 58а",с 1920 до 1940,Домик,Хорошее
661710760410006,"Дом Бажова Павла Петровича, в котором он жил с 1906 по 1950 гг.",Екатеринбург,"г. Екатеринбург, ул. Чапаева, д. 11 / ул. Большакова, д. 69",с 1920 до 1940,Изба,Хорошее
661710760440005,Дом контор,Екатеринбург,"г. Екатеринбург, ул. Малышева, д. 42",с 1920 до 1940,Многоэтажка,Хорошее
661710761350015,Дом юстиции,Екатеринбург,"г. Екатеринбург, ул. Малышева, д. 2 б",с 1920 до 1940,Многоэтажка,Хорошее
661710761350025,Дом жилой,Екатеринбург,"г. Екатеринбург, ул. Малышева, д. 2 ж",с 1920 до 1940,Многоэтажка,Удовлетворительное
661710762070005,Школа,Екатеринбург,"г. Екатеринбург, ул. Клары Цеткин, д. 13",с 1900 до 1920,Домик,Руины
661710763210006,"Дом, в котором жил Мамин-Сибиряк Дмитрий Наркисович в 1885-1891 гг. В доме-мемориальный музей Д.Н. Мамина-Сибиряка",Екатеринбург,"г. Екатеринбург, ул. Пушкина, д. 27",с 1880 до 1900,Дворец,Удовлетворительное
661710763600015,Флигель,Екатеринбург,"г. Екатеринбург, ул. Челюскинцев, д. 3 / пер. Северный, д. 2",с 1900 до 1920,Домик,Удовлетворительное
661710763600025,Корпус лечебный,Екатеринбург,"г. Екатеринбург, ул. Челюскинцев, д. 3 / пер. Северный, д. 2",с 1900 до 1920,Домик,Хорошее
661710764390005,Дом Афониных,Екатеринбург,"г. Екатеринбург, ул. Чапаева, д. 2",с 1850 до 1880,Домик,Хорошее
661710764400005,Каменный одноэтажный особняк конца XIX в.,Екатеринбург,"г. Екатеринбург, ул. Чапаева, д. 10",с 1880 до 1900,Домик,Хорошее
661710764410005,"Дом Прохоровых, где в годы учебы в Талицком лесотехникуме жил на квартире Н.И. Кузнецов",Талица,"г. Талица, ул. Кузнецова, д. 31",период не определен,Изба,Хорошее
661710764420015,Ограда с воротами,Екатеринбург,"г. Екатеринбург, ул. Чапаева, д. 10",период не определен,Ворота,Хорошее
661710764880005,Церковь Святой Троицы (Рязановская),Екатеринбург,"г. Екатеринбург, ул. Розы Люксембург, д. 57",с 1900 до 1920,Церковь,Хорошее
661710764890005,Дом Рязанова,Екатеринбург,"г. Екатеринбург, ул. Куйбышева, д. 63",с 1850 до 1880,Дворец,Удовлетворительное
661710764900005,Здание духовного ведомства Екатеринбургской епархии,Екатеринбург,"г. Екатеринбург, ул. Чапаева, д. 14",с 1800 до 1850,Домик,Хорошее
661710764910005,Дом А.Д. Усаниной,Екатеринбург,"г. Екатеринбург, ул. Красноармейская, д. 28",с 1880 до 1900,Домик,Удовлетворительное
661710764920005,Дом М.М. Сарафанова,Екатеринбург,"г. Екатеринбург, ул. Кирова, д. 63",с 1850 до 1880,Изба,Удовлетворительное
661710764940005,Дом чиновника Я.С. Стахиева,Екатеринбург,"г. Екатеринбург, ул. Первомайская, д. 13/16",с 1800 до 1850,Домик,Хорошее
661710764950005,Дом мещанки И.Г. Салминой,Екатеринбург,"г. Екатеринбург, пр. Ленина, д. 20",с 1900 до 1920,Домик,Удовлетворительное
661710764960005,Дом Бревновых,Екатеринбург,"г. Екатеринбург, ул. Кирова, д. 3",с 1900 до 1920,Изба,Хорошее
661710764970005,Господский дом в саду,Екатеринбург,"г. Екатеринбург, ул. Кирова, д. 32",с 1800 до 1850,Домик,Хорошее
661710764980005,Дом А.И. Меньшиковой,Екатеринбург,"г. Екатеринбург, ул. Красноармейская, д. 70",с 1880 до 1900,Домик,Плохое
661710764990004,Фабрика-кухня УЗТМ,Екатеринбург,"г. Екатеринбург, ул. Культуры, д. 3/ул. Красных партизан, д. 9",период не определен,Завод,Плохое
661710765000005,Доходный дом Г.В. Уварова,Екатеринбург,"г. Екатеринбург, ул. Пушкина, д. 4",с 1880 до 1900,Домик,Удовлетворительное
661710765260005,Здание управления Тюмень-Омской железной дороги с магазинами,Екатеринбург,"г. Екатеринбург, ул. Малышева, д. 22 / ул. Хохрякова, д. 30",с 1900 до 1920,Дворец,Хорошее
661710765270005,Геологический музей Уральского горно-геологического университета,Екатеринбург,"г. Екатеринбург, ул. Куйбышева, д. 39",период не определен,Дворец,Хорошее
661710765280005,Здание второй женской гимназии,Екатеринбург,"г. Екатеринбург, ул. Куйбышева, д. 30",с 1900 до 1920,Дворец,Хорошее
661710765290005,Дом купца Осокина К.Г.,Екатеринбург," г. Екатеринбург, ул. Энгельса, д. 16 / ул. Розы Люксембург, д. 11",с 1900 до 1920,Изба,Хорошее
661710765300005,Здание Русского общества торговли аптекарскими товарами,Екатеринбург,"г. Екатеринбург, ул. Розы Люксембург, д. 34",с 1880 до 1900,Домик,Удовлетворительное
661710765310006,Окружной дом офицеров,Екатеринбург,"г. Екатеринбург, ул. Первомайская, д. 27",с 1920 до 1940,Многоэтажка,Плохое
661710765650005,Дом Ремезова Т.В.,Екатеринбург," г. Екатеринбург, ул. Сакко и Ванцетти, д. 45",с 1850 до 1880,Домик,Хорошее
661710765660005,Особняк В.А. Бибикова,Екатеринбург,"г. Екатеринбург, ул. Розы Люксембург, д. 3",с 1850 до 1880,Домик,Плохое
661710765670005,Дом жилой в стиле конструктивизма,Екатеринбург,"г. Екатеринбург, ул. Первомайская, д. 43",с 1920 до 1940,Многоэтажка,Плохое
661710765690005,Дом купца Ф.А. Михайлова,Екатеринбург,"Свердловская область,г. Екатеринбург, ул. Толмачева, д. 21",с 1800 до 1850,Домик,Удовлетворительное
661710765700005,Концертный зал И.З. Маклецкого,Екатеринбург,"г. Екатеринбург, ул. Первомайская, д. 22",с 1900 до 1920,Домик,Хорошее
661710765710005,Дом дворянки Е.О. Селивановой,Екатеринбург,"г. Екатеринбург, ул. Толмачева, д. 24",с 1880 до 1900,Изба,Удовлетворительное
661710765720005,Дом А.Н. Судакова,Екатеринбург,"г. Екатеринбург, ул. Тургенева, д. 24",с 1880 до 1900,Изба,Удовлетворительное
661710765730005,"Дом, в котором жил писатель Д.Н. Мамин-Сибиряк",Екатеринбург,"г. Екатеринбург, ул. Толмачева, д. 41",период не определен,Домик,Хорошее
661710765740005,Дом горного инженера И.И. Редикорцева,Екатеринбург,"г. Екатеринбург, ул. Тургенева, д. 28",с 1850 до 1880,Домик,Удовлетворительное
661710765750005,Дом культуры им. А.М. Горького,Екатеринбург,"г. Екатеринбург, ул. Первомайская, д. 24",с 1940 до 1960,Многоэтажка,Удовлетворительное
661710765760005,Памятник Орджоникидзе Г.К.,Екатеринбург,"г. Екатеринбург, пл. Первой пятилетки",с 1940 до 1960,Монумент,Хорошее
661710765770005,Здание бывшего Петровского приюта,Екатеринбург,"г. Екатеринбург, ул. Крылова, д. 2",с 1880 до 1900,Домик,Хорошее
661710765780005,"Здание института физики металлов Уральского научного центра АН СССР, где в 1960-1966 гг. работал ученый-магнитолог Р.И. Янус",Екатеринбург,"г. Екатеринбург, ул. Софьи Ковалевской, д. 18",после 1960,Дворец,Хорошее
661710765790005,Дом И.Я. Рязанова. Управление НКВД по Свердловской области,Екатеринбург,"г. Екатеринбург, пр. Ленина, д. 17",с 1880 до 1900,Дворец,Удовлетворительное
661710765810005,Дом купца И.М. Белинькова,Екатеринбург,"г. Екатеринбург, ул. 8 Марта, д. 32",с 1800 до 1850,Дворец,Хорошее
661710766790005,Дом купца Степанова,Екатеринбург,"г. Екатеринбург, ул. Горького, д. 33",с 1880 до 1900,Домик,Удовлетворительное
661710766800005,Дом купца Крутикова Ф.И.,Екатеринбург,"г. Екатеринбург, ул. Горького, д. 41",с 1880 до 1900,Домик,Удовлетворительное
661710766810005,Дом Е.Д. Скрябиной,Екатеринбург,"г. Екатеринбург, ул. Горького, д. 6",с 1880 до 1900,Домик,Удовлетворительное
661710766820005,Дом С.Я. Закожурникова,Екатеринбург,"г. Екатеринбург, ул. Горького, д. 8",с 1880 до 1900,Домик,Удовлетворительное
661710766830005,Административно-учебное здание,Екатеринбург,"г. Екатеринбург, ул. Декабристов, д. 83",с 1900 до 1920,Дворец,Хорошее
661710766840005,Дом купца Андреева,Екатеринбург,"г. Екатеринбург, ул. Карла Либкнехта, д. 25",с 1850 до 1880,Домик,Удовлетворительное
661710766850005,Здание административное,Екатеринбург,"г. Екатеринбург, ул. Толмачева, д. 11",с 1940 до 1960,Многоэтажка,Удовлетворительное
661710766860005,Особняк статского советника Ф.Л. Миллера,Екатеринбург,"г. Екатеринбург, ул. Шейнкмана, д. 18",с 1850 до 1880,Домик,Плохое
661710766880005,Жилой дом с башенками (модерн),Екатеринбург,"г. Екатеринбург, ул. Шейнкмана, д. 83",с 1900 до 1920,Домик,Удовлетворительное
661710766900005,Дом архитектора Григорьева в стиле модерн,Екатеринбург,"г. Екатеринбург, ул. Белинского, д. 19",с 1900 до 1920,Домик,Удовлетворительное
661710766910005,Библиотека,Екатеринбург,"г. Екатеринбург, ул. Белинского, д. 15",после 1960,Многоэтажка,Хорошее
661710766930005,Дом мещанки А.С. Калашниковой,Екатеринбург,"г. Екатеринбург, ул. 8 Марта, д. 34",с 1850 до 1880,Домик,Хорошее
661710766940005,Здание административное,Екатеринбург,"г. Екатеринбург, ул. Братьев Быковых, д. 11",с 1940 до 1960,Домик,Удовлетворительное
661710767350005,Дом купца П.Я. Сапожникова,Екатеринбург,"г. Екатеринбург, ул. Горького, д. 49",с 1800 до 1850,Дворец,Хорошее
661710767360005,Дом К.В. Лукина,Екатеринбург,"г. Екатеринбург, ул. Розы Люксембург, д. 19",с 1880 до 1900,Домик,Хорошее
661710767610005,Дом К.В. Рейнфельда,Екатеринбург,"г. Екатеринбург, ул. Розы Люксембург, д. 38/13",с 1850 до 1880,Домик,Удовлетворительное
661710767620005,"Дом жилой. Здесь жил Маклецкий И.З., директор Екатеринбургского отделения Волжско-Камского банка, почетный гражданин города",Екатеринбург,"г. Екатеринбург, ул. Тургенева, д. 15",с 1880 до 1900,Дворец,Удовлетворительное
661710767630005,Дом мещанки Е.И. Захаровой,Екатеринбург,"г. Екатеринбург, ул. Хохрякова, д. 33",с 1880 до 1900,Домик,Плохое
661710767640005,Дом жилой,Екатеринбург,"г. Екатеринбург, ул. Сакко и Ванцетти, д. 69",с 1880 до 1900,Домик,Хорошее
661710767650005,"Здание, где в 1932 г. располагался президиум Уральского филиала АН СССР, в котором работали: академик А.Е. Ферсман и член-корреспондент АН СССР Штейнберг С.С.",Екатеринбург,"г. Екатеринбург, ул. Малышева, д. 31-г / 8",с 1920 до 1940,Домик,Удовлетворительное
661710767660005,Фабрика-кухня,Екатеринбург,"г. Екатеринбург, ул. Свердлова, д. 8",с 1920 до 1940,Завод,Удовлетворительное
661710767670005,Дом С.М. Агушевича,Екатеринбург,"г. Екатеринбург, ул. Карла Либкнехта, д. 32",с 1940 до 1960,Домик,Хорошее
661710769270005,"""Американская гостиница"" купца П.В. Холкина",Екатеринбург,"г. Екатеринбург, ул. Малышева, д. 68",с 1850 до 1880,Домик,Хорошее
661710769280005,Дом М.И. Маева,Екатеринбург,"г. Екатеринбург, ул. Тургенева, д. 20",с 1900 до 1920,Изба,Удовлетворительное
661710770810005,Дом Рожнова И.Ф.,Екатеринбург,"г. Екатеринбург, ул. Попова, д. 11",с 1850 до 1880,Домик,Плохое
661710770830005,Усадебный дом в стиле классицизма,Екатеринбург,"г. Екатеринбург, ул. Розы Люксембург, д. 62",с 1850 до 1880,Домик,Удовлетворительное
661710770840015,Флигель,Екатеринбург,"г. Екатеринбург, ул. Розы Люксембург, д. 62",период не определен,Домик,Удовлетворительное
661710770850005,Дом И.А. Погудина,Екатеринбург,"г. Екатеринбург, ул. Горького, д. 39",с 1880 до 1900,Домик,Хорошее
661710770860005,Дом мещанки Е.Ф. Погорельцевой,Екатеринбург,"г. Екатеринбург, ул. 8 Марта, д. 33",с 1850 до 1880,Домик,Удовлетворительное
661710770870005,Кирпичное здание школы,Невьянск,"г. Невьянск, ул. Кирова, д. 47",с 1900 до 1920,Домик,Хорошее
661710771690005,Дом мещанина М.И. Шамшурина,Екатеринбург,"г. Екатеринбург, ул. Декабристов, д. 41",с 1850 до 1880,Домик,Хорошее
661710771700005,Школа земская,Екатеринбург,"Свердловская область. г. Екатеринбург, ул. Щербакова, д. 67",с 1900 до 1920,Домик,Удовлетворительное
661710772240015,Бытовая,Екатеринбург,"г. Екатеринбург, ул. Шарташская, д. 13",с 1880 до 1900,Домик,Плохое
661710772240025,Малый склад,Екатеринбург,"г. Екатеринбург, ул. Шарташская, д. 13",с 1880 до 1900,Амбар,Не существует
661710772240035,Жилой дом,Екатеринбург,"г. Екатеринбург, ул. Шарташская, д. 13",с 1880 до 1900,Домик,Не существует
661710772240045,Большепролетный склад,Екатеринбург,"г. Екатеринбург, ул. Шарташская, д. 13",с 1880 до 1900,Амбар,Не существует
661710772240055,Винный склад,Екатеринбург,"г. Екатеринбург, ул. Шарташская, д. 13",с 1880 до 1900,Амбар,Не существует
661710772980005,Здание - образец жилищного строительства конца XIX в.,Ирбит,"г. Ирбит, ул. Революции, д. 25",с 1880 до 1900,Домик,Плохое
661710772990005,Загородная дача (модерн),Екатеринбург,"г. Екатеринбург, ул. Отдыха, д. 55",с 1900 до 1920,Домик,Не доступен
661710774060025,Одноэтажный каменный флигель,Екатеринбург,"г. Екатеринбург, ул. Чапаева, д. 7",с 1850 до 1880,Домик,Хорошее
661710774060035,Двухэтажный каменный дом с мезонином,Екатеринбург,"г. Екатеринбург, ул. Чапаева, д. 7",с 1850 до 1880,Дворец,Хорошее
661710774070005,Памятник Я.М. Свердлову,Екатеринбург,"г. Екатеринбург, пл. Парижской Коммуны",с 1920 до 1940,Монумент,Хорошее
661710774080005,Памятник комсомолу Урала,Екатеринбург,"г. Екатеринбург, Комсомольская пл.",с 1940 до 1960,Монумент,Хорошее
661710775230015,Дом в стиле позднего русского классицизма,Екатеринбург,"г. Екатеринбург, ул. Розы Люксембург, д. 65",с 1800 до 1850,Домик,Хорошее
661710775230025,Флигель,Екатеринбург,"г. Екатеринбург, ул. Розы Люксембург, д. 67",с 1800 до 1850,Домик,Хорошее
661710775230035,Парадные ворота с кованной решеткой,Екатеринбург,"г. Екатеринбург, ул. Розы Люксембург, д. 65-67",с 1800 до 1850,Ворота,Плохое
661710775240005,Дом врача А.С. Пономарева,Екатеринбург,"г. Екатеринбург, ул. Горького, д. 45",с 1800 до 1850,Домик,Не существует
661710775250005,"Жилой особняк, украшен художественной лепкой во внутренних помещениях",Екатеринбург,"г. Екатеринбург, ул. Карла Либкнехта, д. 35",с 1850 до 1880,Домик,Не существует
661710775260005,"Дом, в котором размещался Екатеринбургский Комитет Союза социалистической молодежи Урала",Екатеринбург,"г. Екатеринбург, ул. Карла Либкнехта, д. 39",с 1900 до 1920,Домик,Не доступен
661710775300005,"Дом, где в квартире большевика К. Суханова в 1905-06 гг. находился подпольный штаб и склад оружия Екатеринбургской дружины",Екатеринбург,"г. Екатеринбург, ул. Куйбышева, д. 65",с 1900 до 1920,Амбар,Плохое
661710775310005,Жилой дом с башенками и деревянной резьбой,Екатеринбург,"г. Екатеринбург, ул. Куйбышева, д. 29",с 1900 до 1920,Домик,Удовлетворительное
661710775650005,"Купеческий особняк, построен в классическом стиле, имеет интересные оконные проемы",Екатеринбург,"г. Екатеринбург, ул. Первомайская, д. 7",с 1880 до 1900,Домик,Плохое
661710775660015,Жилой дом,Екатеринбург,"г. Екатеринбург, ул. Карла Либкнехта, д. 5",с 1800 до 1850,Домик,Не доступен
661710775660025,Флигель,Екатеринбург,"г. Екатеринбург, ул. Карла Либкнехта, д. 5",с 1880 до 1900,Домик,Не доступен
661710776280006,Александро-Невский собор,Екатеринбург,"г. Екатеринбург, район Зеленой рощи",с 1850 до 1880,Церковь,Хорошее
661710776290005,"Дом, построенный в псевдо-готическом стиле",Екатеринбург,"г. Екатеринбург, пр. Ленина, д. 25",с 1900 до 1920,Дворец,Хорошее
661710776300005,"Каменный дом, как образец городского жилищного строительства",Екатеринбург,"г. Екатеринбург, пр. Ленина, д. 25",с 1900 до 1920,Дворец,Хорошее
661710776850005,Водонапорная башня,Екатеринбург,"г. Екатеринбург, ул. Московская, д. 28-б",с 1900 до 1920,Башня,Хорошее
661710776870015,Здание общества,Екатеринбург,"г. Екатеринбург, ул. Московская, д. 19",период не определен,Многоэтажка,Хорошее
661710776870025,Здание лабораторий,Екатеринбург,"г. Екатеринбург, ул. Московская, д. 19",период не определен,Многоэтажка,Хорошее
661710776890005,Здание УНИХИМа,Екатеринбург,"г. Екатеринбург, ул. 8 Марта, д. 5",с 1920 до 1940,Многоэтажка,Хорошее
661710777450005,"Здание института экологии растений и животных УНЦ СССР, где в 1971-1976 гг. работал академик С.С. Шварц",Екатеринбург,"г. Екатеринбург, ул. 8 Марта, д. 202",после 1960,Дворец,Хорошее
661710777460005,"Дом, где жил архитектор К.Т. Бабыкин",Екатеринбург,"г. Екатеринбург, ул. Красноармейская, д. 8",с 1900 до 1920,Домик,Хорошее
661710777470006,"Здание гостиницы ""Большой Урал""",Екатеринбург,"г. Екатеринбург, ул. Красноармейская, д. 1",с 1920 до 1940,Многоэтажка,Плохое
661710777590015,Дом,Екатеринбург,"г. Екатеринбург, ул. Розы Люксембург, д. 54",с 1850 до 1880,Домик,Хорошее
661710777590025,Ворота,Екатеринбург,"г. Екатеринбург, ул. Розы Люксембург, д. 54",с 1850 до 1880,Ворота,Удовлетворительное
661710777590035,Флигель,Екатеринбург,"г. Екатеринбург, ул. Розы Люксембург, д. 54",с 1850 до 1880,Домик,Хорошее
661710777600005,Дом чиновника Г.В. Уварова,Екатеринбург,"г. Екатеринбург, ул. Толмачева, д. 7",с 1800 до 1850,Домик,Хорошее
661710777610005,Мост через реку Патрушиха,Екатеринбург,"г. Екатеринбург, ул. Щербакова",с 1850 до 1880,Мост,Хорошее
661710779440005,Жилой дом архитектора О. Шоки,Екатеринбург,"г. Екатеринбург, ул. Комсомольская, д. 45, корп. 9",с 1940 до 1960,Домик,Хорошее
661710779450006,Вознесенская церковь,Екатеринбург,"г. Екатеринбург, Комсомольская пл.",до 1800,Церковь,Хорошее
661710782180005,Братская могила коммунаров,Екатеринбург,"г. Екатеринбург, пл. Коммунаров",с 1920 до 1940,Монумент,Хорошее
661710782220006,"Могила летчика Г.Я. Бахчиванджи (1909-1943), поднявшего в 1942 г. в небо первый реактивный самолет",Екатеринбург,"г. Екатеринбург, пос. Кольцово",с 1920 до 1940,Монумент,Хорошее
661710782250006,Памятник Уральскому добровольческому танковому корпусу,Екатеринбург,"г. Екатеринбург, Привокзальная пл.",после 1960,Монумент,Хорошее
661710782270005,"Дом горсовета № 5. (""Дом коммуна"")",Екатеринбург,"г. Екатеринбург, ул. Вайнера, д. 9а",с 1920 до 1940,Многоэтажка,Удовлетворительное
661710782300005,Особняк с элементами классицизма,Екатеринбург,"г. Екатеринбург, ул. Вайнера, д. 64",с 1850 до 1880,Домик,Хорошее
661710782330005,Дом Фофанова С.В.,Екатеринбург,"г. Екатеринбург, ул. Вайнера, д. 64",с 1850 до 1880,Домик,Хорошее
661710782360005,Особняк И.И. Ермолаева,Екатеринбург,"г. Екатеринбург, ул. Вайнера, д. 64 ",с 1900 до 1920,Изба,Руины
661710784250005,Дом жилой,Нижний Тагил,"г. Нижний Тагил, ул. Первомайская, д. 15",период не определен,Домик,Хорошее
661710784260005,Александро-Невская церковь на Гальянке,Нижний Тагил,"г. Нижний Тагил, ул. Совхозная, д. 5",с 1850 до 1880,Церковь,Хорошее
661710787820005,Дом Бондина А.П.,Нижний Тагил,"г. Нижний Тагил, ул. Красноармейская, д. 8",с 1900 до 1920,Изба,Удовлетворительное
661710787830005,Бани,Екатеринбург,"г. Екатеринбург, ул. Первомайская, д. 71",с 1940 до 1960,Амбар,Удовлетворительное
661710787840005,Дом А.А. Дрозжилова,Екатеринбург,"г. Екатеринбург, ул. Пушкина, д. 12",с 1850 до 1880,Домик,Удовлетворительное
661710787860005,Аптека Лохтина,Нижний Тагил,"г. Нижний Тагил, ул. Карла Маркса, д. 29",период не определен,Домик,Удовлетворительное
661710787870005,"Здание земского дома, в котором в 1905 г. помещалась тюрьма политзаключенных",Нижний Тагил,"г. Нижний Тагил, ул. Уральская, д. 8",с 1900 до 1920,Дворец,Руины
661710787880005,Дом Орлова,Нижний Тагил,"г. Нижний Тагил, ул. Уральская, д. 20",период не определен,Домик,Удовлетворительное
661710787890005,Дом жилой,Нижний Тагил,"г. Нижний Тагил, ул. Уральская, д. 6",период не определен,Домик,Удовлетворительное
661710787900005,Здание горнозаводского (реального) училища,Нижний Тагил,"г. Нижний Тагил, ул. Уральская, д. 4",с 1900 до 1920,Завод,Удовлетворительное
661710787910005,Дом инспектора училищ,Нижний Тагил,"г. Нижний Тагил, ул. Уральская, д. 4, корпус 1",с 1900 до 1920,Дворец,Удовлетворительное
661710787920005,Магазин провиантский нижний,Нижний Тагил,"г. Нижний Тагил, ул. Уральская, д. 2 ""А""",с 1850 до 1880,Домик,Хорошее
661710787930005,Магазин провиантский верхний,Нижний Тагил,"г. Нижний Тагил, пр. Ленина, д. 1 ""А"", строение 2",с 1900 до 1920,Домик,Хорошее
661710787940005,Здание в стиле позднего русского классицизма,Ирбит,"г. Ирбит, ул. Карла Маркса, д. 30",с 1850 до 1880,Домик,Плохое
661710787950005,Образец казенного здания конца XIX в.,Ирбит,"г. Ирбит, ул. Карла Маркса, д. 122",с 1880 до 1900,Домик,Удовлетворительное
661710787960005,Здание - образец городского жилищного строительства конца XIX в.,Ирбит,"г. Ирбит, ул. Елизарьевых, д. 23",с 1880 до 1900,Домик,Удовлетворительное
661710787970005,Здание бывшего магазина купцов Агафуровых,Ирбит,"г. Ирбит, ул. Красноармейская, д. 5",период не определен,Многоэтажка,Хорошее
661710787980005,"Одноэтажный каменный особняк, украшенный богатой каменной резьбой с угловым входом",Ирбит,"г. Ирбит, ул. Коммуны, д. 29",с 1800 до 1850,Домик,Хорошее
661710787990005,Одноэтажный каменный особняк с каменной резьбой по фасаду,Ирбит,"г. Ирбит, ул. Орджоникидзе, д. 42",с 1800 до 1850,Домик,Удовлетворительное
661710788000005,Двухэтажное каменное здание бывших воинских казарм,Ирбит,"г. Ирбит, ул. Орджоникидзе, д. 61",с 1880 до 1900,Домик,Руины
661710788010005,Здание драматического театра им. А.Н. Островского,Ирбит,"г. Ирбит, ул. Орджоникидзе, д. 51",с 1900 до 1920,Дворец,Удовлетворительное
661710788020005,Бывший дом купчихи Пахомовой,Ирбит,"г. Ирбит, ул. Володарского, д. 12",с 1850 до 1880,Домик,Удовлетворительное
661710788030005,Бывший дом купцов Казанцевых,Ирбит,"г. Ирбит, ул. Володарского, д. 14",с 1900 до 1920,Домик,Удовлетворительное
661710788040005,Здание бывшего жилого дома врача Антонова,Ирбит,"г. Ирбит, ул. Карла Маркса, д. 28",с 1850 до 1880,Домик,Удовлетворительное
661710788050005,Бывший жилой дом священника Сретенской церкви отца Николая,Ирбит,"г. Ирбит, ул. Карла Маркса, д. 44",с 1850 до 1880,Домик,Плохое
661710788710005,Пассаж,Ирбит,"г. Ирбит, ул. Ленина, д. 21",с 1850 до 1880,Дворец,Хорошее
661710788720005,Здание бывшего дома купца Калинина,Ирбит,"г. Ирбит, ул. Ленина, д. 27",период не определен,Домик,Хорошее
661710788730005,Жилой дом - образец деревянного зодчества,Ирбит,"г. Ирбит, ул. Ленина, д. 37",период не определен,Домик,Удовлетворительное
661710788740005,Бывший дом купца Колмакова,Ирбит,"г. Ирбит, ул. Ленина, д. 4",с 1800 до 1850,Домик,Хорошее
661710789660005,Бывший дом Чистякова,Ирбит,"г. Ирбит, ул. Кирова, д. 21",с 1850 до 1880,Домик,Удовлетворительное
661710789670005,Здание бывшей Земской аптеки,Ирбит,"г. Ирбит, ул. Кирова, д. 76",с 1880 до 1900,Домик,Удовлетворительное
661710789680005,Бывший дом мещанина Иконникова,Ирбит,"г. Ирбит, ул. Кирова, д. 78",с 1880 до 1900,Домик,Руины
661710789690005,Здание постоялого двора,Ирбит,"г. Ирбит, ул. Кирова, д. 82",период не определен,Домик,Удовлетворительное
661710789700005,Здание торгового дома Т.С. Морозова,Ирбит,"г. Ирбит, ул. Кирова, д. 80",с 1850 до 1880,Домик,Удовлетворительное
661710789710005,Жилой дом в стиле позднего русского классицизма,Ирбит,"г. Ирбит, ул. Кирова, д. 60",период не определен,Домик,Хорошее
661710790680005,Жилое здание конца XIX в.,Ирбит,"г. Ирбит, ул. Кирова, д. 98",с 1880 до 1900,Домик,Хорошее
661710790730005,"Здание, в котором в 1918-1919 гг. размещался Ирбитский уездный исполком Советов рабочих, крестьянских и солдатских депутатов",Ирбит,"г. Ирбит, ул. Кирова, д. 74",с 1900 до 1920,Домик,Удовлетворительное
661710790770005,Бывший дом купца Михайлова,Ирбит,"г. Ирбит, ул. Пролетарская, д. 1",с 1880 до 1900,Домик,Руины
661710790800005,Бывший дом купца Стахеева,Ирбит,"г. Ирбит, ул. Пролетарская, д. 2",с 1880 до 1900,Домик,Хорошее
661710790820005,Типичное казенное здание конца XIX в.,Ирбит,"г. Ирбит, ул. Пролетарская, д. 46",с 1880 до 1900,Домик,Удовлетворительное
661710790840005,Бывший дом купца Луканина,Ирбит,"г. Ирбит, ул. Революции, д. 24",с 1850 до 1880,Дворец,Удовлетворительное
661710790850005,Бывший дом купца Дунаева,Ирбит,"г. Ирбит, ул. Советская, д. 1",с 1850 до 1880,Домик,Хорошее
661710790880005,Бывшая ярмарочная гостиница,Ирбит,"г. Ирбит, ул. Красноармейская, д. 1-3",с 1800 до 1850,Домик,Хорошее
661710790910005,Здание бывшего магазина купцов Гавриловых,Ирбит,"г. Ирбит, ул. Красноармейская, д. 15",период не определен,Домик,Удовлетворительное
661710790940005,Деревянное здание - бывший дом мещанина Чечетина,Ирбит,"г. Ирбит, ул. Октябрьская, д. 7",период не определен,Домик,Плохое
661710791270005,"Обелиск воинам Советской армии, умершим в госпиталях г. Ирбита в годы Великой Отечественной войны 1941-1945 гг.",Ирбит,"г. Ирбит, городское кладбище",с 1940 до 1960,Монумент,Хорошее
661710791280005,Бывший дом купца Ларькова (разная торговля),Ирбит,"г. Ирбит, ул. Советская, д. 52",период не определен,Домик,Ансамбль
661710791290005,Каменный особняк купца Смирнова,Ирбит,"г. Ирбит, ул. Советская, д. 45",с 1880 до 1900,Домик,Хорошее
661710791300005,Бывший дом купца Рудакова,Ирбит,"г. Ирбит, ул. Советская, д. 36",период не определен,Домик,Хорошее
661710791310005,Бывший дом купца Рудакова,Ирбит,"г. Ирбит, ул. Советская, д. 31",период не определен,Домик,Хорошее
661710791320005,"Одноэтажное каменное здание с декоративным парапетом, богато украшенное каменной резьбой",Ирбит,"г. Ирбит, ул. Советская, д. 16",с 1800 до 1850,Домик,Плохое
661710791330005,Бывший дом купца Фалалеева,Ирбит,"г. Ирбит, ул. Советская, д. 13",период не определен,Домик,Хорошее
661710791340005,Одноэтажный каменный дом с каменной резьбой по фасаду,Ирбит,"г. Ирбит, ул. Советская, д. 6",с 1850 до 1880,Домик,Удовлетворительное
661710791350005,Бывший дом купца Зязина,Ирбит,"г. Ирбит, ул. Орджоникидзе, д. 25",период не определен,Домик,Удовлетворительное
661710791360005,"Здание, в котором в 1919 г. после освобождения города от колчаковцев, размещался Военно-революционный комитет",Ирбит,"г. Ирбит, ул. Орджоникидзе, д. 37",с 1900 до 1920,Домик,Руины
661710792470005,Свято-Троицкая церковь,Ирбит,"г. Ирбит, ул. Орджоникидзе, д. 100",с 1800 до 1850,Церковь,Хорошее
661710792480005,Здание бывшей мужской гимназии,Ирбит,"г. Ирбит, ул. Свободы, д. 24",с 1800 до 1850,Домик,Удовлетворительное
661710792490005,Здание в стиле русского классицизма (образцовый фасад),Ирбит,"г. Ирбит, ул. Карла Маркса, д. 38",период не определен,Домик,Удовлетворительное
661710792500005,"Здание, в котором в 1918 г. размещался Ирбитский уездный комитет РКП (б)",Ирбит,"г. Ирбит, ул. Ленина, д. 16",с 1900 до 1920,Домик,Руины
661710792520005,"Здание бывшей городской управы, где в 1918 г. проходил первый съезд Советов рабочих, крестьянских и солдатских депутатов",Ирбит,"г. Ирбит, ул. Ленина, д. 15",с 1900 до 1920,Дворец,Удовлетворительное
661710792530005,Сретенская церковь,Ирбит,"г. Ирбит, ул. Революции, д. 27б",с 1850 до 1880,Церковь,Руины
661710792550005,Усадьба,Ирбит,"г. Ирбит, ул. Ленина, д. 23",с 1850 до 1880,Домик,Не доступен
661710792570005,"Обелиск в память рабочих Ирбитского стекольного завода, погибших в годы Великой Отечественной войны",Ирбит,"г. Ирбит, Предзаводская площадь стекольного завода",период не определен,Монумент,Удовлетворительное
661710792580005,"Обелиск в память рабочих Ирбитского мотоциклетного завода, погибших в годы Великой Отечественной войны",Ирбит,"г. Ирбит, Предзаводская площадь мотоциклетного завода",период не определен,Монумент,Хорошее
661710792590005,"Обелиск в память рабочих Ирбитского автоприцепного завода, погибших в годы Великой Отечественной войны",Ирбит,"Сверловская область, г. Ирбит, Предзаводская площадь автоприцепного завода",период не определен,Монумент,Хорошее
661710792610005,"Братская могила советских и партийных работников г. Ирбита, расстрелянных колчаковцами в 1919 г., а также красноармейцев, погибших в боях при освобождении Ирбита в июле 1919 г.",Ирбит,"г. Ирбит, площадь им. В.И. Ленина",с 1900 до 1920,Монумент,Хорошее
661710792630005,Здание - образец деревянного зодчества конца XIX в.,Ирбит,"г. Ирбит, ул. Урицкого, д. 19",с 1880 до 1900,Изба,Хорошее
661710793470005,Двухэтажный каменный особняк с каменной резьбой по фасадам,Ирбит,"г. Ирбит, ул. Революции, д. 28",с 1800 до 1850,Домик,Плохое
661710793480005,Здание - образец жилищного строительства конца XIX в.,Ирбит,"г. Ирбит, ул. Революции, д. 37",с 1880 до 1900,Домик,Плохое
661710793990005,Бывшее Сибирское подворье,Ирбит,"г. Ирбит, ул. Революции, д. 16",с 1850 до 1880,Домик,Удовлетворительное
661710794000005,Дворец культуры железнодорожников,Каменск-Уральский,"г. Каменск-Уральский, ул. Паровозников, д. 2",с 1940 до 1960,Дворец,Плохое
661710794010005,Дом врача В.А. Скворцова,Каменск-Уральский,"г. Каменск-Уральский, ул. Революционная, д. 11",период не определен,Домик,Удовлетворительное
661710794020005,Дом купцов Грачевых,Каменск-Уральский,"г. Каменск-Уральский, ул. Ленина, д. 108",с 1900 до 1920,Домик,Удовлетворительное
661710794030005,Мануфактурный магазин Бухарева,Каменск-Уральский,"г. Каменск-Уральский, ул. Ленина, д. 122",с 1850 до 1880,Домик,Удовлетворительное
661710794040005,Лавка Герасимова,Каменск-Уральский,"г. Каменск-Уральский, ул. Ленина, д. 124",с 1850 до 1880,Домик,Удовлетворительное
661710794050005,Училище заводское,Каменск-Уральский,"г. Каменск-Уральский, ул. Карла Маркса, д. 17",с 1850 до 1880,Завод,Хорошее
661710794060005,Особняк с лавкой купца М.Д. Мередина,Невьянск,"г. Невьянск, пр. Октябрьский, д. 3",с 1800 до 1850,Домик,Руины
661710794070005,"Жилой дом в ""Кирпичном стиле""",Невьянск,"г. Невьянск, ул. Карла Маркса, д. 11",с 1880 до 1900,Домик,Удовлетворительное
661710794080005,Дом торговца Громазова,Невьянск,"г. Невьянск, ул. Карла Маркса, д. 4",с 1880 до 1900,Домик,Плохое
661710794090005,Здание гимназии - бывший купеческий особняк,Невьянск,"г. Невьянск, ул. Карла Маркса, д. 6",с 1850 до 1880,Домик,Удовлетворительное
661710794100005,Особняк купца Пискунова,Невьянск,"г. Невьянск, пр. Октябрьский, д. 15",с 1850 до 1880,Домик,Удовлетворительное
661710794110005,Жилой дом,Невьянск,"г. Невьянск, пр. Октябрьский, д. 19",с 1880 до 1900,Домик,Удовлетворительное
661710794120005,Постоялый двор,Невьянск,"г. Невьянск, ул. 1905 г., д. 4",с 1800 до 1850,Домик,Плохое
661710794130005,Торговая лавка,Невьянск,"г. Невьянск, ул. Комсомольская, д. 6а",с 1850 до 1880,Домик,Хорошее
661710794140005,Купеческий особняк Власова,Невьянск,"г. Невьянск, ул. Луначарского, д. 4",с 1880 до 1900,Домик,Удовлетворительное
661710794150005,Госпиталь Каменского завода,Каменск-Уральский,"г. Каменск-Уральский, ул. Красных Орлов, д. 4",с 1800 до 1850,Домик,Удовлетворительное
661710801110015,Дом жилой,Екатеринбург,"г. Екатеринбург, Верх-Исетский бульвар, д. 20",с 1940 до 1960,Многоэтажка,Хорошее
661710801110025,Гараж,Екатеринбург,"г. Екатеринбург, Верх-Исетский бульвар, д. 18",с 1940 до 1960,Амбар,Руины
661710801110035,Гараж,Екатеринбург,"г. Екатеринбург, Верх-Исетский бульвар, д. 20",с 1940 до 1960,Амбар,Хорошее
661710801110045,Элементы благоустройства,Екатеринбург,"г. Екатеринбург, Верх-Исетский бульвар, д. 18-20",с 1940 до 1960,Многоэтажка,Хорошее
661710801110055,Дом жилой,Екатеринбург,"г. Екатеринбург, Верх-Исетский бульвар, д. 18",с 1940 до 1960,Многоэтажка,Хорошее
661710801110065,Ворота,Екатеринбург,"г. Екатеринбург, Верх-Исетский бульвар, д. 18-20",с 1940 до 1960,Ворота,Хорошее
661710801120015,Корпус 14 - двухэтажный дом (модерн),Екатеринбург,"г. Екатеринбург, ул. Отдыха",с 1900 до 1920,Домик,Не доступен
661710801120025,Корпус 9 - одноэтажный дом,Утрачен,Утрачен,с 1900 до 1920,Домик,Не доступен
661710801120035,Корпус 6 - одноэтажный дом,Утрачен,Утрачен,с 1900 до 1920,Домик,Не доступен
661710801120045,Корпус 5 - одноэтажный дом,Утрачен,Утрачен,с 1900 до 1920,Домик,Не доступен
661710801130005,Гостиница Атаманова,Екатеринбург,"г. Екатеринбург, пр. Ленина, д. 19 / ул. Вайнера, д. 6",с 1880 до 1900,Дворец,Хорошее
661710801140005,"Широкореченский воинский мемориал. Место захоронения воинов, умерших от ран в госпиталях г. Свердловска",Екатеринбург,"г. Екатеринбург, Широкореченское кладбище",с 1940 до 1960,Монумент,Не доступен
661710802090006,Водонапорная башня,Екатеринбург,"г. Екатеринбург, ул. Бакинских комиссаров, д. 2а",с 1920 до 1940,Башня,Удовлетворительное
661710802100005,"Здание земской управы, где 18 октября 1905 г. состоялось первое открытое выступление Я.М. Свердлова",Екатеринбург,"г. Екатеринбург, ул. Розы Люксембург, д. 60",с 1900 до 1920,Дворец,Хорошее
661710809610005,"Бывшее духовное училище. (Здание, в котором в 1941-1945 гг. размещался госпиталь № 1726)",Камышлов,"г. Камышлов, ул. Розы Люксембург, д. 9, ул. Карла Маркса, д. 23б",с 1900 до 1920,Дворец,Удовлетворительное
661710809620005,Церковь Сретения Господня,Камышловский район,"Камышловский район, с. Никольское, ул. Советская, д. 55б",с 1800 до 1850,Церковь,Не доступен
661710809630005,Церковь Боголюбская,Камышловский район,"Камышловский район, с. Галкинское, ул. Мира, д. 90",с 1800 до 1850,Церковь,Не доступен
661710809640005,"Здание, где с 1920 г. по 1923 г. жил П.П. Бажов",Камышлов,"г. Камышлов, ул. Кирова, д. 32",с 1920 до 1940,Изба,Хорошее
661710809650005,Здание мужской гимназии,Камышлов,"г. Камышлов, ул. Энгельса, д. 171, литера А7",с 1900 до 1920,Домик,Хорошее
661710809660005,Здание бывшей иконописной мастерской,Камышлов,"г. Камышлов, ул. Советская, д. 25",с 1900 до 1920,Домик,Хорошее
661710809670005,Здание женской гимназии,Камышлов,"г. Камышлов, ул. Энгельса, д. 171, литера А",с 1880 до 1900,Домик,Хорошее
661710809680005,"Дом, где жил поэт С.П. Щипачев",Камышлов,"г. Камышлов, ул. Свердлова, д. 97",период не определен,Изба,Хорошее
661710809690005,Бывший Покровский собор,Камышлов,"г. Камышлов, ул. Энгельса, д. 147-а",с 1800 до 1850,Церковь,Хорошее
661710809700005,Жилой дом,Камышлов,"г. Камышлов, ул. Урицкого, д. 14",с 1850 до 1880,Домик,Хорошее
661710809710005,Здание общественное,Камышлов,"г. Камышлов, ул. Энгельса, д. 119",с 1880 до 1900,Домик,Хорошее
661710817670005,"Здание в ""кирпичном стиле""",Камышлов,"г. Камышлов, ул. Свердлова, д. 59",с 1900 до 1920,Домик,Удовлетворительное
661710817680005,Дом жилой,Камышлов,"г. Камышлов, ул. Свердлова, д. 65",с 1850 до 1880,Домик,Хорошее
661710817690005,Жилой дом,Камышлов,"г. Камышлов, ул. Свердлова, д. 43",период не определен,Домик,Удовлетворительное
661710817700005,"Здание, в котором размещался УК РКСМ",Камышлов,"г. Камышлов, ул. Свердлова, д. 55",с 1900 до 1920,Домик,Хорошее
661710817710005,"Здание Земской управы. Здание, где проходил первый уездный съезд Советов рабочих, крестьянских и солдатских депутатов в ноябре 1917 г.",Камышлов,"г. Камышлов, ул. Свердлова, д. 41",с 1900 до 1920,Дворец,Хорошее
661710817720005,Особняк,Камышлов,"г. Камышлов, ул. Свердлова, д. 31а",период не определен,Домик,Удовлетворительное
661710817730015,Особняк,Алапаевск,"г. Алапаевск, ул. Красной Армии, д. 3",с 1900 до 1920,Домик,Удовлетворительное
661710817730045,Особняк,Алапаевск,"г. Алапаевск, ул. Красной Армии, д. 6",с 1900 до 1920,Домик,Удовлетворительное
661710817730055,Особняк,Алапаевск,"г. Алапаевск, ул. Красной Армии, д. 9",с 1900 до 1920,Домик,Удовлетворительное
661710817730065,Особняк,Алапаевск,"г. Алапаевск, ул. Красной Армии, д. 10",с 1900 до 1920,Домик,Удовлетворительное
661710817730075,Особняк,Алапаевск,"г. Алапаевск, ул. Красной Армии, д. 7",с 1900 до 1920,Домик,Удовлетворительное
661710817740005,Свято-Троицкий собор,Алапаевск,"г. Алапаевск, ул. Чайковского, д. 19",до 1800,Церковь,Удовлетворительное
661710817750005,"Дом, в котором жил создатель первой в России водяной турбины И.Е. Софонов",Алапаевск,"г. Алапаевск, ул. Розы Люксембург, д. 30",с 1800 до 1850,Дворец,Хорошее
661710817760025,Корпус учебный,Верхотурье,"г. Верхотурье, ул. Сенянского, д. 12",с 1900 до 1920,Домик,Хорошее
661710817770015,Строение хозяйственное,Верхотурье,"г. Верхотурье, пос. Привокзальный, пл. Вокзальная",с 1900 до 1920,Изба,Хорошее
661710817770025,Здание вокзала,Верхотурье,"г. Верхотурье, пос. Привокзальный, Вокзальная пл.",с 1900 до 1920,Изба,Хорошее
661710817770035,Жилой дом,Верхотурье,"г. Верхотурье, пос. Привокзальный, ул. Вокзальная, д. 4",с 1900 до 1920,Изба,Удовлетворительное
661710817770045,Жилой дом,Верхотурье,"г. Верхотурье, пос. Привокзальный, ул. Вокзальная, д. 6",с 1900 до 1920,Изба,Удовлетворительное
661710817770055,Жилой дом,Верхотурье,"г. Верхотурье, пос. Привокзальный, ул. Вокзальная, д. 7",с 1900 до 1920,Изба,Удовлетворительное
661710817770065,Жилой дом,Верхотурье,"г. Верхотурье, пос. Привокзальный, ул. Вокзальная, д. 8",с 1900 до 1920,Изба,Удовлетворительное
661710817770075,Жилой дом,Верхотурье,"г. Верхотурье, пос. Привокзальный, ул. Вокзальная, д. 9",с 1900 до 1920,Изба,Удовлетворительное
661710817770085,Жилой дом,Верхотурье,"г. Верхотурье, пос. Привокзальный, ул. Мира, д. 2",с 1900 до 1920,Изба,Удовлетворительное
661710817770095,Жилой дом,Верхотурье,"г. Верхотурье, пос. Привокзальный, ул. Мира, д. 4",с 1900 до 1920,Изба,Удовлетворительное
661710817780005,Уличный фасад торгового дома купца А.Н. Захо,Екатеринбург,"г. Екатеринбург, пр. Ленина, д. 25",с 1940 до 1960,Домик,Хорошее
661710817790005,Городская усадьба,Первоуральск,"г. Первоуральск, ул. Ленина, д. 65",с 1850 до 1880,Изба,Удовлетворительное
661710817800005,Часовня св. Иосифа Песнописца,Красноуфимск,"г. Красноуфимск, ул. Пролетарская, д. 81а",с 1800 до 1850,Церковь,Хорошее
661710817810005,Механический цех Нижне-Сергинского металлургического завода,Нижние Серги,"г. Нижние Серги, металлургический завод",с 1850 до 1880,Завод,Не доступен
661710817820005,Запорный узел заводской плотины Сергинского металлургического завода,Нижние Серги,"г. Нижние Серги, металлургический завод",до 1800,Завод,Не доступен
661710820860005,"Дом, в котором находился рабочий клуб и в 1905 г. выступал Я.М. Свердлов",Нижний Тагил,"г. Нижний Тагил, ул. Тагильская, д. 29-31",с 1900 до 1920,Домик,Удовлетворительное
661710820870015,Собор Крестовоздвиженский,Нижний Тагил,"г. Нижний Тагил, ул. Красногвардейская, д. 55",с 1900 до 1920,Церковь,Хорошее
661710820870025,Часовня,Нижний Тагил,"г. Нижний Тагил, ул. Красногвардейская, д. 55",с 1900 до 1920,Церковь,Удовлетворительное
661710820880005,Бюст А.П. Бондина,Нижний Тагил,"г. Нижний Тагил, городской парк",с 1940 до 1960,Монумент,Удовлетворительное
661710820890005,Дом подрядчика Белова. Здесь в 1930-е годы жил Ш.С. Окуджава - отец поэта Б.Ш. Окуджавы,Нижний Тагил,"г. Нижний Тагил, ул. Карла Маркса, д. 20 ""А""",с 1880 до 1900,Домик,Хорошее
661710820900015,Дом жилой,Каменск-Уральский,"г. Каменск-Уральский, ул. Беляева, д. 4",с 1920 до 1940,Многоэтажка,Удовлетворительное
661710820900025,Дом жилой,Каменск-Уральский,"г. Каменск-Уральский, ул. Карла Маркса, д. 89",с 1920 до 1940,Многоэтажка,Удовлетворительное
661710820910005,Дворец культуры Уральского алюминиевого завода,Каменск-Уральский,"г. Каменск-Уральский, ул. Алюминиевая, д. 2",с 1940 до 1960,Дворец,Хорошее
661710820920005,Каменный дом с чайной лавкой,Верхотурье,"г. Верхотурье, ул. Ленина, д. 1",с 1850 до 1880,Домик,Плохое
661710820930005,Церковь,Невьянский район,"Невьянский район, с. Шурала, ул. Ленина, зд.16",с 1850 до 1880,Церковь,Удовлетворительное
661710820940005,Церковь Казанская,Невьянский район,"Невьянский район, с. Быньги",с 1850 до 1880,Церковь,Удовлетворительное
661710820950005,Церковь Святой Троицы,Билимбай,"городской округ Первоуральск, п. Билимбай, пл. Свободы, стр. 1",с 1800 до 1850,Церковь,Плохое
661710820960006,Доменная печь с литейным двором,Полевской,"г. Полевской, Северский трубный завод",с 1850 до 1880,Домик,Не доступен
661710820970005,Здание школы,Реж,"г. Реж, ул. Советская, д. 34",с 1850 до 1880,Домик,Удовлетворительное
661710820980005,Церковь Вознесения,Реж,"г. Реж, Орловая гора",с 1850 до 1880,Церковь,Хорошее
661710820990005,Николаевская церковь,городской округ Сухой Лог,"городской округ Сухой Лог, с. Новопышминское, ул. Кирова, д. 69",с 1800 до 1850,Церковь,Не доступен
661710821000005,Церковь Рождества Христова,Слободо-Туринский район,"Слободо-Туринский район, с. Усть-Ница",до 1800,Церковь,Не доступен
661710821340005,Часовня Александра Невского,Краснотурьинск,"г. Краснотурьинск, ул. Октябрьская",с 1850 до 1880,Церковь,Удовлетворительное
661710821350015,Главный дом,Екатеринбург,"г. Екатеринбург, ул. Октябрьской революции, д. 52",с 1850 до 1880,Домик,Хорошее
661710821350025,Флигель,Екатеринбург,"г. Екатеринбург, ул. Октябрьской революции, д. 52",с 1850 до 1880,Изба,Хорошее
661710828520005,Каменный мост через р. Дарнейку,Верхотурье,"г. Верхотурье, ул. Советская",с 1850 до 1880,Мост,Хорошее
661710828530005,Пешеходный подвесной мост через р. Туру,Верхотурье,"г. Верхотурье, у Троицкого камня",с 1850 до 1880,Мост,Хорошее
661710828540005,Жилой дом,Верхотурье,"г. Верхотурье, ул. Дементьева, д. 7",период не определен,Изба,Удовлетворительное
661710828550005,Ветлечебница,Верхотурье,"г. Верхотурье, ул. Воинская, д. 9",с 1900 до 1920,Изба,Плохое
661710828560005,Жилой дом,Верхотурье,"г. Верхотурье, ул. Малышева, д. 12",с 1900 до 1920,Изба,Удовлетворительное
661710828570005,Дом жилой,Верхотурье,"г. Верхотурье, ул. Советская, д. 33",с 1900 до 1920,Изба,Удовлетворительное
661710828580005,Доходный дом,Верхотурье,"г. Верхотурье, ул. Советская, д. 19",с 1900 до 1920,Изба,Удовлетворительное
661710828590005,Дом жилой,Верхотурье,"г. Верхотурье, ул. Советская, д. 11",с 1850 до 1880,Изба,Хорошее
661710828600005,Жилой дом с образцовым фасадом,Верхотурье,"г. Верхотурье, ул. Комсомольская, д. 19",с 1800 до 1850,Домик,Удовлетворительное
661710828610005,Жилой дом,Верхотурье,"г. Верхотурье, ул. Карла Маркса, д. 30",период не определен,Изба,Удовлетворительное
661710828620005,Здание общественного собрания,Верхотурье,"г. Верхотурье, ул. Карла Маркса, д. 2",с 1900 до 1920,Домик,Хорошее
661710828630005,Каменная лавка,Верхотурье,"г. Верхотурье, ул. Карла Маркса, д. 4",с 1850 до 1880,Домик,Хорошее
661710828640005,Жилой дом с магазинами,Верхотурье,"г. Верхотурье, ул. Карла Маркса, д. 5",с 1850 до 1880,Дворец,Хорошее
661710828650005,Каменная лавка,Верхотурье,"г. Верхотурье, ул. Карла Маркса, д. 7",с 1850 до 1880,Домик,Удовлетворительное
661710828660005,Жилой дом,Верхотурье,"г. Верхотурье, ул. Карла Маркса, д. 17",период не определен,Изба,Хорошее
661710828670005,Жилой дом,Верхотурье,"г. Верхотурье, ул. Карла Маркса, д. 21",период не определен,Изба,Удовлетворительное
661710828680006,Водонапорная башня доменного цеха,муниципальное образование Алапаевское,"муниципальное образование Алапаевское, пгт Верхняя Синячиха, ул. Советская, д. 22/53",с 1850 до 1880,Башня,Плохое
661710828690005,Дом жилой Ивана Коптелова,муниципальное образование Алапаевское,"муниципальное образование Алапаевское, с. Коптелово, ул. Чапаева, д.13а",до 1800,Изба,Руины
661710828700005,Церковь Вознесения,муниципальное образование Алапаевское,"муниципальное образование Алапаевское, с. Голубковское, ул. Школьная, д. 2а",с 1850 до 1880,Церковь,Не доступен
661710828710005,Церковь Рождества Богородицы,Горноуральский городской округ,"Горноуральский городской округ, с. Краснополье, ул. Горная",с 1800 до 1850,Церковь,Удовлетворительное
661710828720005,Церковь Сретения,Горноуральский городской округ,"Горноуральский городской округ, с. Мурзинка",до 1800,Церковь,Удовлетворительное
661710828730005,Здание Мугайской школы (в деревянном исполнении с элементами стиля модерн),Махневское муниципальное образование,"Махневское муниципальное образование, с. Мугай",с 1900 до 1920,Домик,Не доступен
661710828740005,Участковая больница,Гаринский район,"Гаринский район, с. Андрюшино",с 1900 до 1920,Домик,Не доступен
661710829440015,Часовня во имя Святого Праведника Симеона Верхотурского,Верхотурский район,"Верхотурский район, с. Меркушино, ул. Центральная, д. 9е",с 1850 до 1880,Церковь,Хорошее
661710829440025,Подпорная стена,Верхотурский район,"Верхотурский район, с. Меркушино, ул. Центральная, д. 9е",с 1850 до 1880,Домик,Не доступен
661710829440035,Ограда,Верхотурский район,"Верхотурский район, с. Меркушино, ул. Центральная, д. 9е",с 1850 до 1880,Ворота,Не доступен
661710829450005,Церковь,Верхотурский район,"Верхотурский район, с. Усть-Салда",с 1850 до 1880,Церковь,Удовлетворительное
661710829460005,Общественное здание,Верхотурье,"г. Верхотурье, ул. Карла Маркса, д. 18",с 1850 до 1880,Домик,Хорошее
661710829490005,Воскресенская церковь,Верхотурье,Верхотурье,до 1800,Церковь,Плохое
661710829510005,Жилой дом с мезонином,Верхотурье,"г. Верхотурье, ул. Дидковского, д. 1",период не определен,Домик,Плохое
661710829530005,Жилой дом,Верхотурье,"г. Верхотурье, ул. Дидковского, д. 5",период не определен,Домик,Хорошее
661710829550005,Жилой дом,Верхотурье,"г. Верхотурье, ул. Дидковского, д. 9",период не определен,Изба,Удовлетворительное
661710829590005,Дом почетных гостей,Верхотурье,"г. Верхотурье, пер. Кузнечный, д. 14",с 1900 до 1920,Изба,Хорошее
661710829620005,Церковь Успения Пресвятой Богородицы,Верхотурье,"г. Верхотурье, ул. Гагарина, д. 27а",с 1800 до 1850,Церковь,Удовлетворительное
661710829640005,Жилой дом,Верхотурье,"г. Верхотурье, ул. Гагарина, д. 44",период не определен,Изба,Удовлетворительное
661710830880005,Дом с мезонином,Утрачен,Утрачен,с 1900 до 1920,Домик,Не доступен
661710830890005,Жилой дом,Верхотурье,"г. Верхотурье, ул. Большая, д. 26",до 1800,Изба,Удовлетворительное
661710830900005,"Дом, в котором родился и жил уральский революционер И. Малышев",Верхотурье,"г. Верхотурье, ул. Малышева, д. 32",период не определен,Изба,Удовлетворительное
661710832120005,"Место захоронения 14 советских воинов, умерших от ран в госпиталях г. Свердловска в 1941-1945 гг.",Екатеринбург,"г. Екатеринбург, Нижнеисетское кладбище",с 1940 до 1960,Монумент,Не доступен
661710832130005,"Захоронение 21 советского воина, умерших от ран в госпиталях г. Свердловска в 1941-1945 гг.",Екатеринбург,"г. Екатеринбург, Широкореченский мемориальный комплекс",с 1940 до 1960,Домик,Ансамбль
661710842290006,Церковь,Нижняя Синячиха,"Алапаевский район, с. Нижняя Синячиха, ул. Первомайская, д. 20, корпус 1",с 1800 до 1850,Церковь,Удовлетворительное
661710842320005,Здание бывшего управления горного округа,Алапаевск,"г. Алапаевск, ул. Ленина, д. 33",период не определен,Домик,Удовлетворительное
661710842330005,"Дом, где в 1905 г. заседал первый на Урале Совет рабочих депутатов",Алапаевск,"г. Алапаевск, ул. Ленина, д. 18",с 1900 до 1920,Домик,Удовлетворительное
661710842340006,Старый Нейво-Алапаевский завод,Алапаевск,"г. Алапаевск, металлургический завод",с 1800 до 1850,Завод,Руины
661710842350006,Зал и водяная турбина,Алапаевск,"г. Алапаевск, металлургический завод",с 1880 до 1900,Домик,Не доступен
661710842360006,Молотовое отделение прокатного цеха,Алапаевск,"г. Алапаевск, Нейво-Шайтанский металлургический завод",с 1800 до 1850,Завод,Не доступен
661710842370005,Петро-Павловская церковь,Алапаевск,"г. Алапаевск, пос. Нейво-Шайтанский",с 1800 до 1850,Церковь,Удовлетворительное
661710842380005,Здание земской школы,Алапаевск,"г. Алапаевск, ул. Перминова, д. 58",с 1900 до 1920,Домик,Удовлетворительное
661710842390005,"Дом, в котором в 1918 г. находился штаб Красной гвардии, здесь же был сформирован красногвардейский отряд С.А. Павлова",Алапаевск,"г. Алапаевск, ул. Павлова, д. 33",с 1900 до 1920,Домик,Удовлетворительное
661710842400005,"Бывший дом Копылова, в котором в 1905-1906 гг. находилась конспиративная квартира алапаевских большевиков и в 1906 г. останавливался Я.М. Свердлов",Алапаевск,"г. Алапаевск, ул. Павлова, д. 129",с 1900 до 1920,Изба,Удовлетворительное
661710842410006,Могила Ивашева Василий Петровича (1794-1840),Туринск,"г. Туринск, городское кладбище",с 1800 до 1850,Монумент,Хорошее
661710842420006,"Дом Ивашева Василия Петровича, в котором он жил с 1836 по 1840 гг.",Туринск,"г. Туринск, ул. Революции, д. 11",с 1800 до 1850,Изба,Хорошее
661710842430006,"Дом Басаргина Николая Васильевича, в котором он жил с 1836 по 1840 гг.",Туринск,"г. Туринск, ул. Декабристов, д. 39",с 1800 до 1850,Изба,Удовлетворительное
661710842440005,Здание главного магазина Артинского завода (ныне центральный склад),Артинский район,"Артинский район, р.п. Арти, механический завод",с 1800 до 1850,Завод,Удовлетворительное
661710842450005,Бывший дом управляющего заводом (ныне здание заводоуправления),Артинский район,"Артинский район, р.п. Арти, механический завод",с 1850 до 1880,Завод,Удовлетворительное
661710842480006,"Дом, в котором жили крепостные Черепановы Ефим Алексеевич и Мирон Ефимович",Нижний Тагил,"г. Нижний Тагил, ул. Верхняя Черепанова, д. 1",период не определен,Домик,Удовлетворительное
661710842510005,Сретенская церковь,Березовский городской округ,"Березовский городской округ, пос. Старопышминск, ул. Волкова, д. 1",с 1880 до 1900,Церковь,Удовлетворительное
661710842530005,Здание Госстраха,Екатеринбург,"г. Екатеринбург, пер. Банковский, д. 9",с 1920 до 1940,Многоэтажка,Плохое
661710842540005,"Дом жилой (Товарищество ""Уральский старожил"")",Екатеринбург,"г. Екатеринбург, ул. Белинского, д. 8/10",с 1920 до 1940,Многоэтажка,Хорошее
661710891990015,Корпус главный,Екатеринбург,"г. Екатеринбург, ул. Карла Либкнехта, д. 42",с 1900 до 1920,Домик,Удовлетворительное
661710891990025,Корпус художественных мастерских,Екатеринбург,"г. Екатеринбург, ул. Карла Либкнехта, д. 42",с 1880 до 1900,Домик,Удовлетворительное
661710891990035,Корпус учебный,Екатеринбург,"г. Екатеринбург, ул. Карла Либкнехта, д. 42",с 1900 до 1920,Домик,Удовлетворительное
661710891990045,Ограда металлическая с кирпичными столбами,Екатеринбург,"г. Екатеринбург, ул. Карла Либкнехта, д. 42",с 1900 до 1920,Ворота,Удовлетворительное
661710917070006,Здание Политехнического института,Екатеринбург,"г. Екатеринбург, ул. Мира, д. 19",с 1920 до 1940,Дворец,Хорошее
661710917080005,"Учебный корпус факультета цветных металлов Уральского политехнического института им. С.М. Кирова, где в 1933-1972 гг. работал ученый-металлург В.И. Смирнов",Екатеринбург,"г. Екатеринбург, ул. Мира, д. 17",с 1940 до 1960,Дворец,Хорошее
661710917090005,Бюст дважды Героя Советского Союза М.П. Одинцова,Екатеринбург,"г. Екатеринбург, площадь им. Кирова",с 1940 до 1960,Монумент,Хорошее
661710917100005,Дом Я.К. Кривошеина,Утрачен,Утрачен,с 1800 до 1850,Домик,Не доступен
661710917110005,"Дом, где жил известный уральский краевед Афиногенов",Утрачен,Утрачен,период не определен,Домик,Не доступен
661710917120015,Физиотерапевтический институт,Екатеринбург,"г. Екатеринбург, ул. Московская, д. 12",с 1920 до 1940,Дворец,Хорошее
661710917120025,Общежитие и лаборатория,Екатеринбург,"г. Екатеринбург, ул. Московская, д. 14",с 1920 до 1940,Домик,Не доступен
661710917120035,Институт профзаболеваний и гигиены,Екатеринбург,"г. Екатеринбург, ул. Репина, д. 2",с 1920 до 1940,Дворец,Хорошее
661710917130015,Беседка-ротонда,Екатеринбург,"г. Екатеринбург, ул. Горького, д. 34",с 1850 до 1880,Домик,Ансамбль
661710917130025,Ограда и ворота,Екатеринбург,"г. Екатеринбург, ул. Горького, д. 34",с 1850 до 1880,Ворота,Ансамбль
661710917130035,Одноэтажный каменный флигель,Екатеринбург,"г. Екатеринбург, ул. Горького, д. 34",с 1850 до 1880,Домик,Не существует
661710917130045,Двухэтажный каменный дом,Екатеринбург,"г. Екатеринбург, ул. Горького, д. 34",с 1850 до 1880,Домик,Ансамбль
661710917140015,Жилой дом,Екатеринбург,"г. Екатеринбург, ул. Добролюбова, строение 11",с 1800 до 1850,Домик,Хорошее
661710917140025,Ворота и ограда,Екатеринбург,"г. Екатеринбург, ул. Щедрина, д. 18-а (Объект утрачен)",с 1800 до 1850,Ворота,Не существует
661710917150005,Особняк Шитиковой,Екатеринбург,"г. Екатеринбург, ул. Белинского, д. 66",с 1880 до 1900,Домик,Не существует
661710917160006,"Дом, в котором в 1917 г. проходила Уральская областная конференция РСДРП (б)",Екатеринбург,"г. Екатеринбург, ул. Карла Либкнехта, д. 38",с 1900 до 1920,Домик,Удовлетворительное
661710917170005,"Здание первой в городе обсерватории, где в 1880 г. бывал Д.И. Менделеев",Екатеринбург,"г. Екатеринбург, ул. Народной Воли, д. 64",с 1850 до 1880,Домик,Не доступен
661710917180015,Жилой дом,Верхотурье,"г. Верхотурье, ул. Крестьянская, д. 14",с 1880 до 1900,Изба,Хорошее
661710917180025,Амбар,Верхотурье,"г. Верхотурье, ул. Крестьянская, д. 14",с 1880 до 1900,Амбар,Удовлетворительное
661710917180035,Ворота,Верхотурье,"г. Верхотурье, ул. Крестьянская, д. 14",с 1880 до 1900,Ворота,Хорошее
661710917190005,Жилой дом,Верхотурье,"г. Верхотурье, ул. Красноармейская, д. 5",период не определен,Изба,Удовлетворительное
661710917200005,Жилой дом,Верхотурье,"г. Верхотурье, ул. Карла Маркса, д. 34",период не определен,Изба,Плохое
661710917210005,Дом жилой,Верхотурье,"г. Верхотурье, ул. Свердлова, д. 24",с 1900 до 1920,Изба,Удовлетворительное
661710917220005,Жилой дом,Верхотурье,"г. Верхотурье, ул. Мальцева, д. 12",с 1900 до 1920,Изба,Руины
661710917230005,Дом жилой,Верхотурье,"г. Верхотурье, ул. Республиканская, д. 4",с 1850 до 1880,Домик,Не существует
661710917240005,Дом жилой,Утрачен,Утрачен,с 1900 до 1920,Домик,Не доступен
661710917260005,Ветряная мельница,Гаринский район,"Гаринский район, 50 км от р.п. Гари, бывшая д. Крутое",с 1900 до 1920,Завод,Не доступен
661710917270005,Здание волостной управы,Гаринский район,"Гаринский район, с. Андрюшино",с 1900 до 1920,Дворец,Хорошее
661710917290006,Никольская церковь,Невьянский городской округ,"Невьянский городской округ, с. Быньги",до 1800,Церковь,Удовлетворительное
661710917300005,Бюст Героя Советского Союза Г.А. Речкалова,Ирбитский район,"Ирбитский район, поселок Зайково, ул. Коммунистическая, 168-а",с 1940 до 1960,Монумент,Хорошее
661710943670005,Александровская церковно-приходская школа,Алапаевск,"г. Алапаевск, ул. Фрунзе, д. 43",с 1880 до 1900,Церковь,Удовлетворительное
661710943680005,Бывший дом управителя Алапаевского металлургического завода,Алапаевск,"г. Алапаевск, ул. Ленина, д. 23",до 1800,Завод,Удовлетворительное
661710943690005,Заводской госпиталь,Алапаевск,"г. Алапаевск, ул. Шляпиной, д. 1",с 1800 до 1850,Завод,Удовлетворительное
661710943700005,"Дом, в котором формировался отряд связи под командованием Чернышева",Алапаевск,"г. Алапаевск, ул. Фрунзе, д. 8",период не определен,Домик,Удовлетворительное
661710943710005,Деревянный дом,Алапаевск,"г. Алапаевск, ул. Смольниковых, д. 43",с 1900 до 1920,Изба,Удовлетворительное
661710943720005,Аптека,Алапаевск,"г. Алапаевск, ул. Смольниковых, д. 39",с 1850 до 1880,Домик,Удовлетворительное
661710943730005,Жилой дом,Алапаевск,"г. Алапаевск, ул. Пушкина, д. 33",с 1900 до 1920,Изба,Удовлетворительное
661710943740005,Здание ремесленного училища,Алапаевск,"г. Алапаевск, ул. Павлова, д. 41",с 1920 до 1940,Дворец,Удовлетворительное
661710943750005,Здание бывшего реального училища,Алапаевск,"г. Алапаевск, ул. Павлова, д. 12",период не определен,Домик,Хорошее
661710943760005,"Дом, в котором находилась большевистская подпольная типография",Алапаевск,"г. Алапаевск, ул. Павлова, д. 20",с 1800 до 1850,Домик,Удовлетворительное
661710943770005,Дом жилой,Алапаевск,"г. Алапаевск, ул. Павлова, д. 29",с 1850 до 1880,Домик,Удовлетворительное
661710943780006,"Дом, в котором жил Чайковский Петр Ильич в 1849-1850 гг.",Алапаевск,"г. Алапаевск, ул. Чайковского, д. 30",с 1800 до 1850,Домик,Хорошее
661710943790005,Здание общественное,Екатеринбург,"г. Екатеринбург, ул. Кирова, д. 2",с 1900 до 1920,Домик,Хорошее
661710943800005,Особняк,Екатеринбург,"г. Екатеринбург, ул. Кирова, д. 36",с 1850 до 1880,Дворец,Хорошее
661710943810015,Дом жилой,Екатеринбург,"г. Екатеринбург, пр. Ленина, д. 31",с 1900 до 1920,Домик,Хорошее
661710943810025,Флигель,Екатеринбург,"г. Екатеринбург, ул. 8 Марта, д. 6",с 1880 до 1900,Домик,Хорошее
661710943810035,Магазин,Екатеринбург,"г. Екатеринбург, ул. 8 Марта, д. 6",с 1880 до 1900,Домик,Хорошее
661710943810045,Склад,Екатеринбург,"г. Екатеринбург, пр. Ленина, д. 29-б",с 1880 до 1900,Амбар,Хорошее
661710943810055,Ворота,Екатеринбург,"г. Екатеринбург, пр. Ленина, д. 31",с 1900 до 1920,Ворота,Хорошее
661710943810065,Ворота,Екатеринбург,"г. Екатеринбург, ул. 8 Марта",с 1900 до 1920,Ворота,Хорошее
661710943820016,Дом физкультуры,Екатеринбург,"г. Екатеринбург, ул. Еремина, д. 12",с 1920 до 1940,Домик,Хорошее
661710943820026,Стадион,Екатеринбург,"г. Екатеринбург, ул. Еремина, д. 12",с 1920 до 1940,Домик,Хорошее
661710943830015,Хозпостройки (перестроены),Екатеринбург,"г. Екатеринбург, ул. Октябрьской революции, д. 33а",с 1850 до 1880,Дворец,Плохое
661710943830025,Двухэтажный каменный жилой дом,Екатеринбург,"г. Екатеринбург, ул. Октябрьской революции, д. 35",с 1850 до 1880,Домик,Удовлетворительное
661710943830035,Ворота и ограда,Екатеринбург,"г. Екатеринбург, ул. Октябрьской революции, д. 35",с 1850 до 1880,Ворота,Руины
661710943830045,Металлическое ограждение палисадника,Екатеринбург,"г. Екатеринбург, ул. Октябрьской революции, д. 35",с 1850 до 1880,Домик,Удовлетворительное
661710943840015,Жилой дом,Екатеринбург,"г. Екатеринбург, ул. Октябрьской революции, д. 40",с 1900 до 1920,Изба,Хорошее
661710943850015,Дом служащих электростанции,Екатеринбург,"г. Екатеринбург, ул. Горького, д. 43",с 1880 до 1900,Домик,Удовлетворительное
661710943850025,Здание электростанции,Екатеринбург,"г. Екатеринбург, ул. Горького, д. 43",с 1880 до 1900,Домик,Хорошее
661710943850035,Труба дымовая восьмигранная,Екатеринбург,"г. Екатеринбург, ул. Горького, д. 43",с 1880 до 1900,Домик,Хорошее
661710943890015,Здание Гипротранса,Екатеринбург,"г. Екатеринбург, ул. Свердлова, д. 11а",период не определен,Домик,Удовлетворительное
661710943890025,Дом жилой,Екатеринбург,"г. Екатеринбург, ул. Свердлова, д. 11",после 1960,Многоэтажка,Удовлетворительное
661710943890035,Дом-вставка жилой,Екатеринбург,"г. Екатеринбург, ул. Свердлова, д. 15",период не определен,Многоэтажка,Удовлетворительное
661710943890045,Дом жилой,Екатеринбург,"г. Екатеринбург, ул. Свердлова, д. 22",период не определен,Многоэтажка,Удовлетворительное
661710943890055,Дом жилой,Екатеринбург,"г. Екатеринбург, ул. Свердлова, д. 25",с 1940 до 1960,Многоэтажка,Удовлетворительное
661710943890065,Дом жилой с башней,Екатеринбург,"г. Екатеринбург, ул. Свердлова, д. 27",с 1940 до 1960,Многоэтажка,Удовлетворительное
661710943890075,Дом жилой с кинотеатром,Екатеринбург,"г. Екатеринбург, ул. Свердлова, д. 30",с 1940 до 1960,Домик,Удовлетворительное
661710943890085,Дом жилой с аркой,Екатеринбург,"г. Екатеринбург, ул. Свердлова, д. 34",с 1940 до 1960,Многоэтажка,Удовлетворительное
661710943890095,Дом жилой,Екатеринбург,"г. Екатеринбург, ул. Свердлова, д. 56",с 1940 до 1960,Многоэтажка,Удовлетворительное
661710943890105,Дом жилой,Екатеринбург,"г. Екатеринбург, ул. Свердлова, д. 58",с 1940 до 1960,Многоэтажка,Удовлетворительное
661710943890115,Дом жилой,Екатеринбург,"г. Екатеринбург, ул. Свердлова, д. 60",с 1940 до 1960,Многоэтажка,Удовлетворительное
661710943890125,Дом жилой,Екатеринбург,"г. Екатеринбург, ул. Свердлова, д. 62",с 1940 до 1960,Многоэтажка,Удовлетворительное
661710943890135,Дом жилой,Екатеринбург,"г. Екатеринбург, ул. Свердлова, д. 66",с 1940 до 1960,Многоэтажка,Удовлетворительное
661710943900005,Дом жилой,Екатеринбург,"г. Екатеринбург, ул. Малышева, д. 76",с 1940 до 1960,Многоэтажка,Хорошее
661710943910005,"Дом, где с 1931-1962 гг. жил художник И.К. Слюсарев",Екатеринбург,"г. Екатеринбург, ул. Хохрякова, д. 62",с 1920 до 1940,Изба,Удовлетворительное
661710943920005,Жилой дом,Екатеринбург,"г. Екатеринбург, ул. Малышева, д. 23",с 1940 до 1960,Многоэтажка,Хорошее
661710943930005,Дом притча Успенской церкви,Екатеринбург,"г. Екатеринбург, ул. Нагорная, д. 50",с 1850 до 1880,Изба,Руины
661710943940016,Лаборатория,Екатеринбург,"г. Екатеринбург, пл. Первой пятилетки",с 1920 до 1940,Многоэтажка,Удовлетворительное
661710943940026,Заводоуправление,Екатеринбург,"г. Екатеринбург, пл. Первой пятилетки",с 1920 до 1940,Завод,Удовлетворительное
661710943940036,Проходная,Екатеринбург,"г. Екатеринбург, пл. Первой пятилетки",с 1920 до 1940,Домик,Хорошее
661710943940046,Жилой дом,Екатеринбург,"г. Екатеринбург, ул. Ильича, д. 2",с 1920 до 1940,Многоэтажка,Плохое
661710943940056,"Гостиница ""Мадрид""",Екатеринбург,"г. Екатеринбург, ул. Культуры, д. 1 / ул. Машиностроителей, д. 4",с 1920 до 1940,Многоэтажка,Плохое
661710943950015,Корпус физико-технологического факультета,Екатеринбург,"г. Екатеринбург, ул. Мира, д. 21",с 1940 до 1960,Многоэтажка,Хорошее
661710943950025,Корпус химико-технологического факультета,Екатеринбург,"г. Екатеринбург, ул. Мира, д. 28",с 1920 до 1940,Многоэтажка,Удовлетворительное
661710943960005,"Дом, в котором распологалось общество уральских горных техников под руководством Ф.Ф. Сыромолотова и находилась конспиративная квартира Екатеринбургского комитета РСДРП (б)",Утрачен,Утрачен,с 1900 до 1920,Домик,Не доступен
661710943970005,"Дом, где родился писатель-демократ Ф.М. Решетников",Екатеринбург,"г. Екатеринбург, ул. Пролетарская, д. 6",период не определен,Домик,Хорошее
661710943980005,Клуб совторгслужащих,Екатеринбург,"г. Екатеринбург, ул. Володарского, д. 9",с 1920 до 1940,Многоэтажка,Плохое
661710943990005,"Штаб-квартира Екатеринбургского комитета РСДРП (б), где жил в 1906 г. Я.М. Свердлов, К.Т. Новгородцева, М.О. Авейде, Н.Н. Замятин и другие",Екатеринбург,"г. Екатеринбург, ул. Кирова, д. 31",с 1900 до 1920,Домик,Удовлетворительное
661710944010005,"Дом, в котором в 1906 г. размещалась подпольная типография большевиков",Екатеринбург,"г. Екатеринбург, ул. Красноармейская, д. 48",с 1900 до 1920,Домик,Не существует
661710944020005,"Дом Х.П. Долгановой-Клементьевой, во флигеле которого в 1904 г. находилась конспиративная квартира. Здесь проходили заседания комитета и занятия кружков. В доме в 1905 г. бывал Я.М. Свердлов",Утрачен,Утрачен,с 1900 до 1920,Домик,Не доступен
661710944030005,Церковь Покрова Пресвятой Богородицы,Екатеринбург,"г. Екатеринбург, пос. Горный Щит, ул. Ленина, д. 12",с 1800 до 1850,Церковь,Хорошее
661710944040005,Здание штаба железнодорожных войск,Екатеринбург,"г. Екатеринбург, ул. Братьев Быковых, д. 34а",с 1940 до 1960,Домик,Удовлетворительное
661710944050005,Дом жилой,Екатеринбург,"г. Екатеринбург, ул. Добролюбова, д. 8",с 1850 до 1880,Домик,Удовлетворительное
661710944060005,Дом старообрядческой Успенской часовни,Екатеринбург,"г. Екатеринбург, ул. Добролюбова, д. 12",с 1850 до 1880,Домик,Удовлетворительное
661710944070005,"Доходный дом в стиле ""а ля Рюс""",Екатеринбург,"г. Екатеринбург, ул. Гоголя, д. 20/5",с 1880 до 1900,Дворец,Хорошее
661710944080005,Главный жилой дом усадьбы Рейнфельд,Екатеринбург,"г. Екатеринбург, ул. Гоголя, д. 42 / ул. Карла Маркса, д. 10",период не определен,Домик,Удовлетворительное
661710944090005,Жилой дом,Екатеринбург,"г. Екатеринбург, ул. Вайнера, д. 51",с 1880 до 1900,Домик,Хорошее
661710944100005,Дом купца Иванова В.Н.,Екатеринбург,"г. Екатеринбург, ул. 8 Марта, д. 26",с 1850 до 1880,Домик,Хорошее
661710944110005,Дом жилой (Дом старых большевиков),Екатеринбург,"г. Екатеринбург, ул. 8 Марта, д. 1",с 1920 до 1940,Многоэтажка,Удовлетворительное
661710944120005,Дом жилой,Екатеринбург,"г. Екатеринбург, ул. 8 Марта, д. 21",с 1850 до 1880,Домик,Удовлетворительное
661710944130005,Дом Петровых,Екатеринбург,"г. Екатеринбург, ул. Февральской революции, д. 11",с 1900 до 1920,Домик,Хорошее
661710944140005,Дом Мишиных,Екатеринбург,"г. Екатеринбург, ул. Февральской революции, д. 9",с 1900 до 1920,Изба,Хорошее
661710944150005,Дом ювелира И.К. Афиногенова,Екатеринбург,"г. Екатеринбург, ул. Февральской революции, д. 37",с 1880 до 1900,Изба,Руины
661710944160005,Мастерские в кирпичном стиле,Екатеринбург,"г. Екатеринбург, ул. Радищева, д. 16",с 1880 до 1900,Домик,Хорошее
661710944180005,Церковь Успения Богоматери,Екатеринбург,"г. Екатеринбург, ул. Кирова, д. 65",с 1800 до 1850,Церковь,Удовлетворительное
661710944190015,Парадные ворота,Екатеринбург,"г. Екатеринбург, ул. Сакко и Ванцетти, д. 115",с 1880 до 1900,Ворота,Плохое
661710944190025,Чугунная ограда,Екатеринбург,"г. Екатеринбург, ул. Сакко и Ванцетти, д. 115",с 1880 до 1900,Ворота,Удовлетворительное
661710944190035,Жилой дом,Екатеринбург,"г. Екатеринбург, ул. Сакко и Ванцетти, д. 115",с 1880 до 1900,Изба,Плохое
661710944200005,"Здание, в котором в 1943 г. размещался Штаб 61 Гвардейской Свердловско-Львовской танковой бригады, сформированной из уральцев-добровольцев",Екатеринбург,"г. Екатеринбург, ул. Блюхера, д. 5а",с 1940 до 1960,Многоэтажка,Удовлетворительное
661710944210015,Дом жилой,Верхотурье,"г. Верхотурье, ул. Малышева, д. 28",с 1900 до 1920,Изба,Хорошее
661710944210025,Амбар,Верхотурье,"г. Верхотурье, ул. Малышева, д. 28",с 1900 до 1920,Амбар,Удовлетворительное
661710944210035,Амбар,Верхотурье,"г. Верхотурье, ул. Малышева, д. 28",с 1900 до 1920,Амбар,Плохое
661710944210045,Ворота,Верхотурье,"г. Верхотурье, ул. Малышева, д. 28",с 1900 до 1920,Ворота,Хорошее
661710944220026,Братский корпус № 4,Верхотурье,"г. Верхотурье, ул. Воинская, д. 1 ""А""",с 1900 до 1920,Домик,Удовлетворительное
661710944220036,"Церковь над ""Святыми вратами""",Верхотурье,"г. Верхотурье, ул. Воинская, д. 1 ""А""",с 1850 до 1880,Церковь,Удовлетворительное
661710944220046,Магазин икон,Верхотурье,"г. Верхотурье, ул. Воинская, д. 1 ""А""",период не определен,Домик,Удовлетворительное
661710944220056,Приходская школа,Верхотурье,"г. Верхотурье, ул. Воинская, д. 1 ""А""",период не определен,Домик,Удовлетворительное
661710944220066,Братский корпус № 5,Верхотурье,"г. Верхотурье, ул. Воинская, д. 1 ""А""",с 1900 до 1920,Домик,Удовлетворительное
661710944220076,Братский корпус № 3,Верхотурье,"г. Верхотурье, ул. Воинская, д. 1 ""А""",с 1900 до 1920,Домик,Удовлетворительное
661710944220086,Трапезная и кухня,Верхотурье,"г. Верхотурье, ул. Воинская, д. 1 ""А""",до 1800,Домик,Удовлетворительное
661710944220096,Каменная гостиница,Верхотурье,"г. Верхотурье, ул. Воинская, д. 1 ""А""",с 1850 до 1880,Домик,Удовлетворительное
661710944220106,Собор Крестовоздвиженский,Верхотурье,"г. Верхотурье, ул. Воинская, д. 1 ""А""",с 1900 до 1920,Церковь,Хорошее
661710944220116,Монастырская ограда с башнями,Верхотурье,"г. Верхотурье, ул. Воинская, д. 1 ""А""",период не определен,Башня,Плохое
661710944220126,Деревянная гостиница,Верхотурье,"г. Верхотурье, ул. Воинская, д. 1 ""А""",с 1850 до 1880,Домик,Не доступен
661710944220136,Собор Преображенский,Верхотурье,"г. Верхотурье, ул. Воинская, д. 1 ""А""",с 1800 до 1850,Церковь,Удовлетворительное
661710944220146,Запасники,Утрачен,Утрачен,период не определен,Домик,Не доступен
661710944220156,Больница,Утрачен,Утрачен,с 1800 до 1850,Домик,Не доступен
661710944220166,Дом игумена,Верхотурье,"г. Верхотурье, ул. Воинская, д. 1 ""А""",с 1850 до 1880,Домик,Хорошее
661710944220176,Дом бедных,Утрачен,Утрачен,период не определен,Домик,Не доступен
661710944220186,Дом причта,Утрачен,Утрачен,период не определен,Домик,Не доступен
661710944220196,Колодец,Утрачен,Утрачен,период не определен,Амбар,Не доступен
661710944220206,Баня,Утрачен,Утрачен,период не определен,Амбар,Не доступен
661710944220216,Конюшня,Утрачен,Утрачен,период не определен,Домик,Не доступен
661710946770005,Приют детский,Каменск-Уральский,"г. Каменск-Уральский, ул. Ленина, д. 134",с 1850 до 1880,Домик,Плохое
661710946780005,Лавка,Каменск-Уральский,"г. Каменск-Уральский, ул. Ленина, д. 111, литера А",с 1880 до 1900,Домик,Удовлетворительное
661710946790005,Лавка купцов Молчановых,Каменск-Уральский,"г. Каменск-Уральский, ул. Ленина, д. 103, литера А",с 1880 до 1900,Домик,Удовлетворительное
661710946800005,Дом жилой,Каменск-Уральский,"г. Каменск-Уральский, ул. Ленина, д. 107",с 1880 до 1900,Домик,Удовлетворительное
661710946810005,Дом жилой,Каменск-Уральский,"г. Каменск-Уральский, ул. Красных Орлов, д. 63",с 1900 до 1920,Домик,Хорошее
661710946820005,Дом жилой,Каменск-Уральский,"г. Каменск-Уральский, ул. Красных Орлов, д. 36",с 1850 до 1880,Домик,Удовлетворительное
661710946830005,Дом жилой,Каменск-Уральский,"г. Каменск-Уральский, ул. Красных Орлов, д. 110",с 1880 до 1900,Изба,Плохое
661710946840005,Подпорная стенка старой плотины на р. Каменке из бутового камня,Каменск-Уральский,"г. Каменск-Уральский, угол ул. Коммуны и ул. Карла Маркса",с 1880 до 1900,Мост,Плохое
661710946850005,Мост железнодорожный через реку Исеть,Каменск-Уральский,г. Каменск-Уральский,с 1920 до 1940,Мост,Удовлетворительное
661710946860005,Мост через реку Каменка,Каменск-Уральский,"г. Каменск-Уральский, ул. Ленина",с 1900 до 1920,Мост,Удовлетворительное
661710946870006,Здание управления Каменск-Уральского казенного чугунолитейного завода,Каменск-Уральский,"г. Каменск-Уральский, ул. Коммолодежи, д. 1",с 1800 до 1850,Завод,Удовлетворительное
661710946880005,Училище мужское,Каменск-Уральский,"г. Каменск-Уральский, ул. Ленина, д. 128",с 1850 до 1880,Дворец,Удовлетворительное
661710946910005,"Дом, где в 1942-1943 гг. жил писатель И.А. Новиков",Каменск-Уральский,"г. Каменск-Уральский, ул. Ленина, д. 151",с 1940 до 1960,Изба,Удовлетворительное
661710946940005,"Дом, в котором жил председатель Каменского ревкома И.И. Кесарев",Каменск-Уральский,"г. Каменск-Уральский, ул. Ленина, д. 146",период не определен,Изба,Удовлетворительное
661710946980005,Дом жилой,Каменск-Уральский,"г. Каменск-Уральский, ул. Пионерская, д. 32",с 1900 до 1920,Домик,Удовлетворительное
661710947010006,"""Ушковский канал"" - замечательное гидротехническое сооружение середины XIX в.",Горноуральский городской округ,"Горноуральский городской округ, пос. Черноисточинск",с 1850 до 1880,Домик,Удовлетворительное
661710947020005,"Дом, где в 1852 г. родился и провел детские годы писатель Д.Н. Мамин-Сибиряк",Горноуральский городской округ,"Горноуральский городской округ, пос. Висим, ул. Мамина-Сибиряка, д. 9",с 1850 до 1880,Изба,Хорошее
661710947030006,"Здание, в котором учился Мамин-Сибиряк Дмитрий Наркисович",Горноуральский городской округ,"Горноуральский городской округ, пос. Висим, ул. Мамина-Сибиряка, д. 7",период не определен,Изба,Хорошее
661710974790005,Здание земской школы,Екатеринбург,"г. Екатеринбург, ул. Малышева, д. 6 / ул. Московская, д. 26",с 1880 до 1900,Домик,Хорошее
661710974800005,Дом Уралстройкоопхоза,Екатеринбург,"г. Екатеринбург, ул. 8 Марта, д. 4, литера В",с 1920 до 1940,Многоэтажка,Удовлетворительное
661710974810005,"Здание Свердловского государственного академического театра драмы, где работали выдающиеся деятели театрального искусства",Екатеринбург,"г. Екатеринбург, ул. Вайнера, д. 10",с 1940 до 1960,Дворец,Удовлетворительное
661710974820005,"Здание, в котором в 1917 г. была провозглашена в Каменске Советская власть",Каменск-Уральский,"г. Каменск-Уральский, ул. Ленина, д. 111",с 1900 до 1920,Домик,Удовлетворительное
661710974830005,Дом и фотографический магазин В.Л. Метенкова,Екатеринбург,"г. Екатеринбург, ул. Карла Либкнехта, д. 36 / ул. Первомайская, д. 20",с 1900 до 1920,Домик,Удовлетворительное
661710974840005,Покровская церковь,Каменск-Уральский,"г. Каменск-Уральский, ул. Революционная, д. 45",с 1880 до 1900,Церковь,Удовлетворительное
661710974850005,"Здание бывшей почты, где останавливались декабристы на пути из Сибири",Екатеринбург,"г. Екатеринбург, ул. Пушкина, д. 19",с 1850 до 1880,Домик,Хорошее
661710974860005,Здание Страховой кассы,Екатеринбург,"г. Екатеринбург, ул. Пушкина, д. 28 / ул. Первомайская, д. 14",с 1920 до 1940,Домик,Плохое
661710974870015,Дом жилой,Екатеринбург,"г. Екатеринбург, пр. Ленина, д. 16",с 1850 до 1880,Домик,Хорошее
661710974870025,Ворота,Екатеринбург,"г. Екатеринбург, пр. Ленина, д. 16",с 1850 до 1880,Ворота,Удовлетворительное
661710974880005,"Могила Банникова А.П. (1895-1935), первого директора Уральского машиностроительного завода",Екатеринбург,"г. Екатеринбург, пл. Первой пятилетки",с 1900 до 1920,Монумент,Хорошее
661710974890005,Могила ювелира В.Г. Рощина,Екатеринбург,"г. Екатеринбург, Восточное кладбище",после 1960,Монумент,Хорошее
661710974900015,Дом,Екатеринбург,"г. Екатеринбург, ул. Розы Люксембург, д. 50 / ул. Куйбышева, д. 69",с 1940 до 1960,Домик,Хорошее
661710974900025,Ограда кирпичная с воротами,Екатеринбург,"г. Екатеринбург, ул. Розы Люксембург, д. 50 / ул. Куйбышева, д. 69",с 1940 до 1960,Ворота,Хорошее
661710974910005,Купеческая усадьба,Нижний Тагил,"г. Нижний Тагил, ул. Карла Маркса, д. 5",период не определен,Домик,Плохое
661710974920005,Дом купцов Агафуровых,Екатеринбург,"г. Екатеринбург, ул. Сакко и Ванцетти, д. 24",с 1880 до 1900,Домик,Хорошее
661710974930005,Дом жилой,Екатеринбург,"г. Екатеринбург, ул. Сакко и Ванцетти, д. 52",с 1900 до 1920,Домик,Удовлетворительное
661710974950015,Дом жилой,Каменск-Уральский,"г. Каменск-Уральский, ул. Алюминиевая, д. 12",с 1920 до 1940,Многоэтажка,Удовлетворительное
661710974950025,Дом жилой,Каменск-Уральский,"г. Каменск-Уральский, ул. Строителей, д. 10",с 1920 до 1940,Многоэтажка,Удовлетворительное
661710974950035,Дом жилой,Каменск-Уральский,"г. Каменск-Уральский, ул. Каменская, д. 9",с 1920 до 1940,Многоэтажка,Удовлетворительное
661710974950045,Дом жилой,Каменск-Уральский,"г. Каменск-Уральский, ул. Исетская, д. 11",с 1920 до 1940,Многоэтажка,Удовлетворительное
661710974960016,Жилой дом,Нижний Тагил,"г. Нижний Тагил, ул. Жуковского, д. 8",с 1920 до 1940,Многоэтажка,Удовлетворительное
661710974960026,Жилой дом,Нижний Тагил,"г. Нижний Тагил, ул. Жуковского, д. 20",с 1920 до 1940,Многоэтажка,Хорошее
661710974970005,Свято-Троицкая единоверческая церковь,Нижний Тагил,"г. Нижний Тагил, ул. Трудовая, д. 3",с 1880 до 1900,Церковь,Хорошее
661710974980005,Здание земского училища,Нижний Тагил,"г. Нижний Тагил, Липовый тракт, д. 11",с 1880 до 1900,Дворец,Плохое
661710974990006,Памятник Е.А. и М.Е. Черепановым,Нижний Тагил,"г. Нижний Тагил, Театральная площадь",с 1940 до 1960,Монумент,Хорошее
661710975000005,Дом жилой,Нижний Тагил,"г. Нижний Тагил, ул. Первомайская, д. 5",период не определен,Домик,Руины
661710975010005,"Дом купца Ляпцева в стиле ""модерн""",Нижний Тагил,"г. Нижний Тагил, ул. Карла Маркса, д. 37",период не определен,Домик,Удовлетворительное
661710975020005,Здание банка,Нижний Тагил,"г. Нижний Тагил, ул. Карла Маркса, д. 31",период не определен,Домик,Хорошее
661710975030005,Дом купца Комиссарова,Нижний Тагил,"г. Нижний Тагил, пр. Ленина, д. 13",период не определен,Домик,Хорошее
661710975040015,Жилой дом,Нижний Тагил,"г. Нижний Тагил, пр. Ленина, д. 65",с 1940 до 1960,Домик,Хорошее
661710975040025,Жилой дом,Нижний Тагил,"г. Нижний Тагил, пр. Ленина, д. 61",с 1940 до 1960,Многоэтажка,Удовлетворительное
661710975040035,Жилой дом,Нижний Тагил,"г. Нижний Тагил, пр. Ленина, д. 63",с 1940 до 1960,Многоэтажка,Хорошее
661710975040045,Жилой дом,Нижний Тагил,"г. Нижний Тагил, пр. Ленина, д. 71",с 1940 до 1960,Многоэтажка,Хорошее
661710975040055,Жилой дом,Нижний Тагил,"г. Нижний Тагил, пр. Ленина, д. 59",с 1940 до 1960,Многоэтажка,Удовлетворительное
661710975050005,"Бывший дом золотопромышленника Треухова, построенный в стиле модерн",Нижний Тагил,"г. Нижний Тагил, ул. Карла Маркса, д. 21",с 1900 до 1920,Дворец,Удовлетворительное
661710975060006,"35000 танк, выпущенный Н-Тагильским Уралвагонзаводом в годы Великой Отечественной войны 1941-1945 гг.",Нижний Тагил,"г. Нижний Тагил, проходная Уралвагонзавода",с 1940 до 1960,Завод,Хорошее
661710975070005,Дом торговца Колодкина,Нижний Тагил,"г. Нижний Тагил, ул. Карла Маркса, д. 18",период не определен,Домик,Хорошее
661710975100005,Могила писателя А.П. Бондина,Нижний Тагил,"г. Нижний Тагил, городской парк культуры и отдыха",с 1920 до 1940,Монумент,Удовлетворительное
661710975110005,"Дом, где с 1941 по 1944 годы в квартире № 1 жил академик Е.О. Патон",Нижний Тагил,"г. Нижний Тагил, пр. Дзержинского, д. 34, кв. 1",с 1940 до 1960,Многоэтажка,Удовлетворительное
661710975120005,Дом торговца Лебедева. Конспиративная квартира Нижнетагильской группы РСДРП (б) в 1901-1905 гг.,Нижний Тагил,"г. Нижний Тагил, ул. Карла Маркса, д. 53",с 1900 до 1920,Домик,Удовлетворительное
661710975130005,Дом купца Аксенова,Нижний Тагил,"г. Нижний Тагил, пр. Ленина, д. 3а",период не определен,Домик,Руины
661710975150005,Дом золотоскупщика Митькина. Здесь открылся первый краеведческий музей,Нижний Тагил,"г. Нижний Тагил, ул. Карла Маркса, д. 10",с 1920 до 1940,Домик,Хорошее
661710975160006,"Дом Худояровых Исаака Федоровича и Вонифатия Исааковича, в котором они жили в 1850-1860 гг.",Нижний Тагил,"г. Нижний Тагил, ул. Тагильская, д. 24",с 1850 до 1880,Изба,Хорошее
661710975170005,Магазин Ахаимовой,Нижний Тагил,"г. Нижний Тагил, пр. Ленина, 4а",период не определен,Домик,Удовлетворительное
661710975180005,Дом торговца Колодкина,Нижний Тагил,"г. Нижний Тагил, ул. Огаркова, д. 7",период не определен,Домик,Удовлетворительное
661710975200005,Магазин Мозгунова,Нижний Тагил,"г. Нижний Тагил, ул. Огаркова, д. 5",период не определен,Многоэтажка,Удовлетворительное
661710975220005,Дом общества потребителей,Нижний Тагил,"г. Нижний Тагил, пр. Ленина, д. 3",период не определен,Домик,Плохое
661710975230005,Бывший дом тагильского купца Волгина,Нижний Тагил,"г. Нижний Тагил, ул. Кирова, д. 2, строение 1",с 1800 до 1850,Домик,Руины
661710975250005,"Здание горно-металлургического техникума, построенное в стиле казенной административной архитектуры",Нижний Тагил,"г. Нижний Тагил, пр. Ленина, д. 38",с 1880 до 1900,Домик,Хорошее
661710975260005,Дом купца Хлопотова,Нижний Тагил,"г. Нижний Тагил, пр. Ленина, д. 19",период не определен,Домик,Хорошее
661710975270005,Дом Герминых,Нижний Тагил,"г. Нижний Тагил, пр. Ленина, д. 15",период не определен,Домик,Хорошее
661710975280005,"Бывший дом Копылова, имеющий смешение архитектурных стилей",Нижний Тагил,"г. Нижний Тагил, пр. Ленина, д. 11",с 1880 до 1900,Домик,Плохое
661710975290005,"Дом, где в 1878 г. жил писатель Д.Н. Мамин-Сибиряк. Дом начальника рудника",Нижний Тагил,"г. Нижний Тагил, ул. Кирова, д. 37",с 1850 до 1880,Домик,Плохое
661710975310005,"Дом, где в 1920 г. проходила первая уездная большевистская конференция, а в 1923 г. возник первый пионерский отряд",Нижний Тагил,"г. Нижний Тагил, ул. Карла Маркса, д. 39",с 1920 до 1940,Домик,Удовлетворительное
661710975320006,Жилой дом,Нижний Тагил,"г. Нижний Тагил, ул. Тагильская, д. 26",с 1800 до 1850,Домик,Удовлетворительное
661710975340005,Никольская церковь,Нижняя Салда,"г. Нижняя Салда, ул. Розы Люксембург, д. 2",с 1800 до 1850,Церковь,Удовлетворительное
661710975350005,Церковь Александра Невского,Нижняя Салда,г. Нижняя Салда,с 1900 до 1920,Церковь,Хорошее
661710975360005,Доменная печь № 1 Нижнесалдинского металлургического завода,Нижняя Салда,"г. Нижняя Салда, территория Нижнесалдинского металлургического завода",с 1850 до 1880,Завод,Плохое
661710975370005,"Бывшая ""Михайловская церковь"" при детском приюте",Камышлов,"г. Камышлов, ул. Маяковского, д. 11",с 1880 до 1900,Церковь,Хорошее
661710975390005,"Здание, где размещался штаб частей особого назначения (ЧОН)",Камышлов,"г. Камышлов, ул. Свердлова, д. 28",с 1920 до 1940,Домик,Ансамбль
661710975400005,Дом купца Бойцова,Камышлов,"г. Камышлов, ул. Карла Маркса, д. 37",с 1880 до 1900,Домик,Хорошее
661710975410005,Дом жилой,Камышлов,"г. Камышлов, ул. Ленинградская, д. 39",с 1900 до 1920,Изба,Руины
661710975420005,"Здание, где размещался штаб военного отдела Камышловского Совдепа",Камышлов,"г. Камышлов, ул. Горького, д. 2",с 1900 до 1920,Домик,Хорошее
661710975430005,Жилой дом,Камышлов,"г. Камышлов, ул. Горького, д. 4",с 1900 до 1920,Домик,Хорошее
661710975450005,Здание железнодорожного вокзала,Камышлов,"г. Камышлов, ул.Красных Орлов, д.83а",с 1880 до 1900,Домик,Хорошее
661710975470005,"Дом, в котором в 1914-18 гг. жил П.П. Бажов",Камышлов,"г. Камышлов, ул. Карла Маркса, д. 11",с 1900 до 1920,Изба,Удовлетворительное
661710975480005,Жилой дом,Камышлов,"г. Камышлов, ул. Карла Маркса, д. 34",с 1850 до 1880,Домик,Хорошее
661710975510005,Жилой дом,Камышлов,"г. Камышлов, ул. Карла Маркса, д. 47а",с 1900 до 1920,Домик,Хорошее
661710975520005,Здание начального городского училища,Камышлов,"г. Камышлов, ул. Маяковского, д. 1",с 1900 до 1920,Дворец,Хорошее
661710975530005,Жилой дом,Камышлов,"г. Камышлов, ул. Карла Маркса, д. 51б",с 1900 до 1920,Домик,Не доступен
661710975540005,"Здание, где в 1918 г. размещался штаб Красной гвардии и был сформирован добровольческий отряд, ставший ядром коммунистического полка ""Красные Орлы""",Камышлов,"г. Камышлов, ул. Красных Орлов, д. 103",с 1900 до 1920,Домик,Хорошее
661710975560005,"Дом купца Терентьева. Здание, в котором в ноябре 1917-июле 1918 гг. размещался первый Совет рабочих, крестьянских и солдатских депутатов",Камышлов,"г. Камышлов, ул. Ленина, д. 15",с 1900 до 1920,Домик,Хорошее
661710975570005,Дом жилой,Камышлов,"г. Камышлов, ул. Пролетарская, д. 13",с 1850 до 1880,Домик,Хорошее
661710975580005,"Здание, где в 1919-23 гг. размещалась типография, в которой П.П. Бажов редактировал газету ""Красный путь""",Камышлов,"г. Камышлов, ул. Пролетарская, д. 31",с 1920 до 1940,Домик,Хорошее
661710975600005,"Здание школы № 58, где в 1932-37 гг. учился Герой Советского Союза С.М. Черепанов",Камышлов,"г. Камышлов, ул. Свердлова, д. 73",с 1920 до 1940,Домик,Хорошее
661710975620006,Мраморные солнечные часы,Полевской городской округ,"Полевской городской округ, с. Мраморское",до 1800,Домик,Не доступен
661710975630005,Дом жилой,Екатеринбург,"г. Екатеринбург, ул. Тургенева, д. 22",с 1900 до 1920,Домик,Удовлетворительное
661710975640005,Сберкасса,Екатеринбург,"г. Екатеринбург, ул. Малышева, д. 31-в",с 1920 до 1940,Многоэтажка,Хорошее
661710975650005,"Дом, в котором в 1927 г. жил писатель Аркадий Гайдар (Голиков)",Екатеринбург,"г. Екатеринбург, набережная Рабочей молодежи, д. 23",с 1920 до 1940,Домик,Удовлетворительное
661710975660005,Институт медицинский,Екатеринбург,"г. Екатеринбург, ул. Репина, д. 3",с 1940 до 1960,Дворец,Удовлетворительное
661710975670005,Дворец культуры завода Уралэлектротяжмаш,Екатеринбург,"г. Екатеринбург, ул. Старых большевиков, д. 22",с 1940 до 1960,Завод,Удовлетворительное
661710975680005,Торговые ряды (Мытный двор),Екатеринбург,"г. Екатеринбург, ул. 8 Марта, д. 8-д",с 1850 до 1880,Домик,Не доступен
661710975690005,Особняк Е.А. Семеновой,Екатеринбург,"г. Екатеринбург, ул. Карла Маркса, д. 22а",с 1940 до 1960,Изба,Хорошее
661710975700005,Здание Свердловской государственной филармонии (бывший Деловой клуб),Екатеринбург,"г. Екатеринбург, ул. Карла Либкнехта, д. 38а",с 1920 до 1940,Многоэтажка,Хорошее
661710975710005,Дом Калашникова А.Д.,Екатеринбург,"г. Екатеринбург, ул. Хохрякова, д. 5",с 1850 до 1880,Домик,Хорошее
661710975720005,Дом Рейнфельд Л.Ф.,Екатеринбург,"г. Екатеринбург, ул. Карла Маркса, д. 8",с 1850 до 1880,Домик,Удовлетворительное
661710975730005,Доходный дом купца Е.И. Первушина,Екатеринбург,"г. Екатеринбург, ул. 8 Марта, д. 28 / ул. Радищева, д. 2",с 1900 до 1920,Домик,Удовлетворительное
661710975740005,Дом жилой с элементами русского барокко в декоре,Екатеринбург,"г. Екатеринбург, ул. Гоголя, д. 7",с 1850 до 1880,Домик,Не доступен
661710975750006,Церковь Петра и Павла,Североуральск,"г. Североуральск, ул. Советская, д. 6",до 1800,Церковь,Хорошее
661710975760005,Церковь Ильи Пророка,Сухоложский район,"Сухоложский район, с. Знаменское",с 1800 до 1850,Церковь,Не доступен
661710975770015,Павильоны,Сухоложский район,"Сухоложский район, с. Новопышминское, ул. Ленина",с 1850 до 1880,Домик,Не доступен
661710975780005,"Здание, где работал профессор Санкт-Петербургского университета, основатель геологического музея Е.С. Федоров",Краснотурьинск,"г. Краснотурьинск, ул. Октябрьская, д. 45",с 1880 до 1900,Дворец,Удовлетворительное
661710976340015,Конюшня,Каменск-Уральский,"г. Каменск-Уральский, ул. Ленина, д. 127",с 1880 до 1900,Амбар,Руины
661710976340025,Дом жилой,Каменск-Уральский,"г. Каменск-Уральский, ул. Ленина, д. 127",с 1880 до 1900,Домик,Удовлетворительное
661710976340035,Хозяйственная постройка,Каменск-Уральский,"г. Каменск-Уральский, ул. Ленина, д. 127",с 1880 до 1900,Домик,Руины
661710976340045,Склад зерновой,Каменск-Уральский,"г. Каменск-Уральский, ул. Ленина, д. 127",с 1880 до 1900,Амбар,Плохое
661710976360015,Преображенская церковь,Каменск-Уральский,"г. Каменск-Уральский, ул. Кирова, д. 18",с 1850 до 1880,Церковь,Удовлетворительное
661710976360025,Корпус келий с трапезной,Каменск-Уральский,"г. Каменск-Уральский, ул. Кирова, д. 18, корпус 2",с 1900 до 1920,Домик,Удовлетворительное
661710976360035,Сторожка,Каменск-Уральский,"г. Каменск-Уральский, ул. Кирова, д. 18, корпус 1",с 1850 до 1880,Изба,Удовлетворительное
661710976370005,Магазин провиантский Каменского казенного чугунолитейного завода. Дом культуры,Каменск-Уральский,"г. Каменск-Уральский, пл. Соборная",с 1880 до 1900,Дворец,Плохое
661710976380015,Дом жилой,Каменск-Уральский,"г. Каменск-Уральский, ул. Ленина, д. 102",с 1900 до 1920,Домик,Удовлетворительное
661710976380025,Магазин,Каменск-Уральский,"г. Каменск-Уральский, ул. Ленина, д. 100, лит. А",с 1900 до 1920,Домик,Удовлетворительное
661710976380035,Постройка хозяйственная,Каменск-Уральский,"г. Каменск-Уральский, ул. Ленина, д. 100, лит. Б",с 1900 до 1920,Амбар,Удовлетворительное
661710976390015,Дом жилой,Каменск-Уральский,"г. Каменск-Уральский, ул. Ленина, д. 95",с 1850 до 1880,Домик,Хорошее
661710976390025,Корпус обувной фабрики,Каменск-Уральский,"г. Каменск-Уральский, ул. Ленина, д. 95",с 1850 до 1880,Домик,Хорошее
661710983680015,Корпус южный,Каменск-Уральский,"г. Каменск-Уральский, ул. Ленина, д. 118, 120",с 1850 до 1880,Домик,Удовлетворительное
661710983680025,Корпус северный,Каменск-Уральский,"г. Каменск-Уральский, ул. Революционная, д. 2",с 1880 до 1900,Домик,Удовлетворительное
661710983690015,Лавка,Каменск-Уральский,"г. Каменск-Уральский, ул. Ленина, д. 103",с 1880 до 1900,Домик,Удовлетворительное
661710983690025,Дом жилой,Каменск-Уральский,"г. Каменск-Уральский, ул. Ленина, д. 101",с 1880 до 1900,Изба,Удовлетворительное
661710983700015,"Постройка хозяйственная. (Здание, в котором в 1917-1918 гг. находился штаб Красной Гвардии, здесь же была организована первая комсомольская оранизация в городе)",Каменск-Уральский,"г. Каменск-Уральский, ул. Ленина, д. 119",с 1900 до 1920,Домик,Плохое
661710983700025,"Здание, в котором в 1917-1918 гг. находился штаб Красной Гвардии, здесь же была организована первая комсомольская организация в городе",Каменск-Уральский,"г. Каменск-Уральский, ул. Ленина, д. 119",с 1900 до 1920,Домик,Руины
661710983730005,Церковь Покрова Пресвятой Богородицы,Каменск-Уральский,"г. Каменск-Уральский, ул. Февральской революции (бывшая деревня Волкова)",с 1900 до 1920,Церковь,Хорошее
661710983740016,Плотина с облицованной подпорной стенкой,Сысерть,"г. Сысерть, ул. Быкова",с 1800 до 1850,Мост,Не доступен
661710983740026,Эстакада,Сысерть,"г. Сысерть, ул. Быкова",с 1800 до 1850,Домик,Не доступен
661710983740036,Водопроводное сооружение,Сысерть,"г. Сысерть, ул. Быкова",с 1800 до 1850,Домик,Не доступен
661710983740046,Плотина с прорезами (водосливами),Сысерть,"г. Сысерть, ул. Быкова",с 1800 до 1850,Мост,Не доступен
661710983740056,Литейный двор,Сысерть,"г. Сысерть, ул. Быкова",с 1800 до 1850,Домик,Не доступен
661710983740066,Корпус доменных печей,Сысерть,"г. Сысерть, ул. Быкова",с 1800 до 1850,Домик,Не доступен
661710983750005,Башня сторожевая на Лисьей горе,Нижний Тагил,"г. Нижний Тагил, на Лисьей (Лысой) горе",с 1850 до 1880,Башня,Хорошее
661710983760005,Дом жилой,Нижний Тагил,"г. Нижний Тагил, ул. Первомайская, д. 3",период не определен,Домик,Плохое
661710983770005,Особняк Носова,Невьянск,"г. Невьянск, ул. Кирова, д. 9",с 1880 до 1900,Домик,Хорошее
661710983780005,Здание бывшей староверческой церкви,Невьянск,"г. Невьянск, ул. Комсомольская, д. 37",с 1880 до 1900,Домик,Плохое
661710983790005,Купеческий дом,Невьянск,"г. Невьянск, ул. Профсоюзов, д. 1",с 1880 до 1900,Домик,Удовлетворительное
661710983800005,Купеческий особняк,Невьянск,"г. Невьянск, ул. Профсоюзов, д. 4",с 1880 до 1900,Домик,Хорошее
661710983810005,Особняк купца Дождева,Невьянск,"г. Невьянск, ул. Советская, д. 16",с 1850 до 1880,Домик,Хорошее
661710983820005,Жилой дом,Невьянск,"г. Невьянск, ул. Комсомольская, д. 21",с 1880 до 1900,Домик,Хорошее
661710983830005,Торговая лавка Пискунова,Невьянск,"г. Невьянск, ул. Володарского, д. 1",с 1850 до 1880,Домик,Удовлетворительное
661710983850005,Дом в стиле классицизма,Невьянск,"г. Невьянск, ул. Кирова, д. 27",с 1880 до 1900,Домик,Удовлетворительное
661710983860005,Жилой дом купца Богомолова,Невьянск,"г. Невьянск, ул. Кирова, д. 46",с 1880 до 1900,Домик,Плохое
661710983880005,"Здание, в котором в годы Великой Отечественной войны размещался госпиталь",Невьянск,"г. Невьянск, ул. Луначарского, д. 26",с 1940 до 1960,Домик,Хорошее
661710983890005,"Школа, в которой учился Герой Советского Союза В.В. Гомзин",Невьянск,"г. Невьянск, ул. Малышева, д. 52",период не определен,Домик,Плохое
661710983900005,"Здание, в котором находился Невьянский городской окружной комитет коммунистического союза молодежи",Невьянск,"г. Невьянск, ул. Матвеева, д. 6",с 1920 до 1940,Домик,Удовлетворительное
661710983910005,"Жилой дом по ""образцовым"" фасадам",Невьянск,"г. Невьянск, ул. Комсомольская, д. 23, д. 25",с 1850 до 1880,Домик,Удовлетворительное
661710983920005,Особняк,Невьянск,"г. Невьянск, ул. Кирова, д. 21",с 1880 до 1900,Домик,Хорошее
661710983930005,Жилой дом,Невьянск,"г. Невьянск, ул. Энгельса, д. 18",с 1900 до 1920,Изба,Удовлетворительное
661710983940005,Жилой дом,Невьянск,"г. Невьянск, ул. Урицкого, д. 1",с 1880 до 1900,Изба,Хорошее
661710983950015,Флигель,Невьянск,"г. Невьянск, ул. Крылова, д. 1",с 1850 до 1880,Домик,Ансамбль
661710983950025,Хозпостройки,Невьянск,"г. Невьянск, ул. Крылова, д. 1",с 1850 до 1880,Домик,Не доступен
661710983950035,Жилой дом,Невьянск,"г. Невьянск, ул. Крылова, д. 1",с 1850 до 1880,Домик,Удовлетворительное
661710983960005,Жилой дом,Невьянск,"г. Невьянск, ул. Кирова, д. 39",с 1880 до 1900,Изба,Удовлетворительное
661710983970005,"Здание, в котором в годы Великой Отечественной войны размещался госпиталь",Невьянск,"г. Невьянск, ул. Красноармейская, д. 13",с 1940 до 1960,Домик,Удовлетворительное
661710986280015,Дом управляющего,Верхотурье,"г. Верхотурье, ул. Ленина, д. 13",с 1900 до 1920,Дворец,Ансамбль
661710986280025,Вспомогательный корпус,Верхотурье,"г. Верхотурье, ул. Ленина, д. 13",с 1900 до 1920,Домик,Плохое
661710986280035,Одноэтажный корпус,Верхотурье,"г. Верхотурье, ул. Ленина, д. 13",с 1900 до 1920,Домик,Плохое
661710986290005,Жилой дом,Верхотурье,"г. Верхотурье, ул. Ленина, д. 54",с 1900 до 1920,Домик,Не существует
661710986300005,Жилой дом,Верхотурье,"г. Верхотурье, ул. Ленина, д. 21",с 1900 до 1920,Домик,Плохое
661710986310015,Ворота,Верхотурье,"г. Верхотурье, ул. Ленина, 29, 31",с 1900 до 1920,Ворота,Не доступен
661710986310025,Деревянный флигель,Утрачен,Утрачен,с 1900 до 1920,Домик,Не доступен
661710986310035,"Жилой дом в ""кирпичном стиле""",Верхотурье,"г. Верхотурье, ул. Ленина, д. 31",с 1900 до 1920,Домик,Плохое
661710986320005,Завод турбомоторный: проходная с административными корпусами,Екатеринбург,"г. Екатеринбург, ул. Фронтовых бригад, д. 18",с 1940 до 1960,Завод,Удовлетворительное
661710986330005,Завод Нижнетуринский железоделательный: заводоуправление,Нижняя Тура,"г. Нижняя Тура, ул. Советская",с 1800 до 1850,Завод,Не доступен
661710986340005,"Здание бывшей конторы Верхнесалдинского завода, где в 1897-1901 гг. работал ученый-металлург Грум-Гржимайло",Верхняя Салда,"г. Верхняя Салда, ул. Ленина, д. 64",с 1880 до 1900,Завод,Хорошее
661710986350006,Рагозинская часовня (деревянная),Сысертский городской округ,"Сысертский городской округ, территория ""Турбаза ""Солнечный камень"", здание 27",с 1800 до 1850,Церковь,Не доступен
661710986360005,Обелиск на месте расстрела жертв колчаковщины,Ирбит,г. Ирбит,период не определен,Монумент,Хорошее
661710986370006,Бюст П.П. Бажова,Екатеринбург,"г. Екатеринбург, плотина городского пруда",с 1940 до 1960,Монумент,Хорошее
661710986380006,Здание конторы Нижне-Исетского завода,Екатеринбург,"г. Екатеринбург, ул. Косарева, 1-а",с 1800 до 1850,Завод,Удовлетворительное
661710986400005,"Здание бывшей гостиницы ""Казань"" в 1894-1917 гг. центр мебельного производства М.Ф. Просвирина в г. Екатеринбурге",Екатеринбург,"г. Екатеринбург, ул. Хохрякова, д. 3",с 1900 до 1920,Домик,Хорошее
661710986410005,Памятник Ленину В.И.,Екатеринбург,"г. Екатеринбург, пл. 1905 года",с 1940 до 1960,Монумент,Удовлетворительное
661710986420005,Аптека,Екатеринбург,"г. Екатеринбург, ул. Пушкина, д. 16",период не определен,Домик,Удовлетворительное
661710986430005,Дом врача С.С. Асса,Екатеринбург,"г. Екатеринбург, ул. Пушкина, д. 8",с 1900 до 1920,Дворец,Хорошее
661710986440005,Дом П.Е. Загайнова,Екатеринбург,"г. Екатеринбург, ул. Пушкина, д. 5",с 1850 до 1880,Домик,Хорошее
661710986450005,Дом жилой В.И. Иванова,Екатеринбург,"г. Екатеринбург, ул. Пролетарская, д. 10",с 1900 до 1920,Изба,Хорошее
661710986460005,Дом О-Р.Ф. Шмидена,Екатеринбург,"г. Екатеринбург, ул. Красноармейская, д. 37-в",с 1800 до 1850,Домик,Руины
661710986470015,Одноэтажный деревянный флигель,Екатеринбург,"г. Екатеринбург, ул. Красноармейская, д. 37-б",с 1850 до 1880,Домик,Не существует
661710986470025,Каменная ограда и ворота,Екатеринбург,"г. Екатеринбург, ул. Красноармейская, д. 37-б",с 1850 до 1880,Ворота,Хорошее
661710986470035,Двухэтажный каменный дом,Екатеринбург,"Свердловская область. г. Екатеринбург, ул. Красноармейская, д. 37-б",с 1850 до 1880,Домик,Хорошее
661710986480005,"Дом, в котором с 1910 г. жил в летнее время и работал художник Л.В. Туржанский",Екатеринбург,"г. Екатеринбург, пос. Кольцово, пер. Родниковый, д. 2",с 1920 до 1940,Изба,Хорошее
661710986490005,Дом Волкова А.А.,Екатеринбург,"г. Екатеринбург, ул. Луначарского, д. 210/ул. Куйбышева, д. 99",с 1880 до 1900,Домик,Удовлетворительное
661710986500006,Мост через реку Исеть,Екатеринбург,"г. Екатеринбург, ул. Декабристов",с 1800 до 1850,Мост,Хорошее
661710986510005,Клуб спортивно-технический,Екатеринбург,"г. Екатеринбург, ул. Грибоедова, д. 9",с 1900 до 1920,Домик,Хорошее
661710986520015,Дом,Екатеринбург,"г. Екатеринбург, ул. Карла Либкнехта, д. 3",с 1940 до 1960,Домик,Хорошее
661710986520025,Ограда кирпичная,Екатеринбург,"г. Екатеринбург, ул. Карла Либкнехта, д. 3",с 1940 до 1960,Ворота,Плохое
661710986530006,"Дом, в котором в 1905 г. находилась нелегальная школа партийных пропагандистов, организованная Свердловым Яковым Михайловичем.В доме – мемориальный музей Я.М. Свердлова",Екатеринбург,"г. Екатеринбург, ул. Карла Либкнехта, д. 26",с 1900 до 1920,Дворец,Хорошее
661710986540005,Бюст Ф.М. Решетникова,Екатеринбург,"г. Екатеринбург, ул. Карла Либкнехта, д. 8",с 1920 до 1940,Монумент,Хорошее
661710986550005,Бюст Д.Н. Мамина-Сибиряка,Екатеринбург,"г. Екатеринбург, ул. Карла Либкнехта, д. 8",с 1920 до 1940,Монумент,Хорошее
661710986560005,Бюст В.Г. Белинского,Екатеринбург,"г. Екатеринбург, ул. Карла Либкнехта, д. 8",с 1920 до 1940,Монумент,Хорошее
661710986570005,Первая городская публичная библиотека им В.Г. Белинского,Екатеринбург,"г. Екатеринбург, ул. Карла Либкнехта, д. 8",с 1900 до 1920,Домик,Хорошее
661710986580005,Здание общественное,Екатеринбург,"г. Екатеринбург, ул. Карла Либкнехта, д. 8-б",с 1900 до 1920,Домик,Удовлетворительное
661710986590015,Жилой флигель,Екатеринбург,"Свердловская область. г. Екатеринбург, ул. Карла Либкнехта, д. 2",с 1900 до 1920,Домик,Хорошее
661710986590025,Двухэтажный полукаменный лечебный корпус,Екатеринбург,"Свердловская область. г. Екатеринбург, ул. Карла Либкнехта, д. 2",с 1900 до 1920,Домик,Хорошее
661710995110005,Дом купца И.И. Афанасьева,Екатеринбург,"г. Екатеринбург, ул. Маршала Жукова, д. 3",с 1880 до 1900,Домик,Хорошее
661710995120005,Вокзал железнодорожный,Каменск-Уральский,"г. Каменск-Уральский, ул. Привокзальная",с 1940 до 1960,Дворец,Хорошее
661710995130005,"Здание, в котором в годы Великой Отечественной войны размещался госпиталь",Невьянск,"г. Невьянск, ул. Самойлова, д. 4",с 1940 до 1960,Домик,Удовлетворительное
661710995140015,Корпус лечебный,Екатеринбург,"г. Екатеринбург, ул. Декабристов, д. 32",с 1900 до 1920,Домик,Удовлетворительное
661710995140025,Здание служб,Екатеринбург,"г. Екатеринбург, ул. Декабристов, д. 32",с 1900 до 1920,Домик,Удовлетворительное
661710995140035,Ограда кирпичная,Екатеринбург,"г. Екатеринбург, ул. Декабристов, д. 32",с 1900 до 1920,Ворота,Удовлетворительное
661710995140045,Ворота,Екатеринбург,"г. Екатеринбург, ул. Декабристов, д. 32",с 1900 до 1920,Ворота,Хорошее
661710995140055,Дом врачей,Екатеринбург,"г. Екатеринбург, ул. Декабристов, д. 32",с 1900 до 1920,Домик,Удовлетворительное
661710995150005,Дом обороны,Екатеринбург,"г. Екатеринбург, ул. Малышева, д. 31д / ул. Воеводина, д. 6",с 1920 до 1940,Домик,Удовлетворительное
661710995160015,Флигель,Екатеринбург,"г. Екатеринбург, ул. Верх-Исетский бульвар, д. 15",с 1800 до 1850,Домик,Хорошее
661710995160025,Павильон восточный,Екатеринбург,"г. Екатеринбург, ул. Верх-Исетский бульвар, д. 9",с 1800 до 1850,Домик,Хорошее
661710995160035,Главный корпус,Екатеринбург,"г. Екатеринбург, ул. Верх-Исетский бульвар, д. 15",с 1800 до 1850,Домик,Хорошее
661710995160045,Павильон западный,Екатеринбург,"г. Екатеринбург, ул. Верх-Исетский бульвар, д. 15",с 1800 до 1850,Домик,Хорошее
661710995170016,Церковь Иоанна Предтечи,Верхотурье,"г. Верхотурье, ул. Клубная, д. 1",до 1800,Церковь,Плохое
661710995170026,Здание служб,Верхотурье,"г. Верхотурье, ул. Комсомольская, д. 4 ""Б""",с 1850 до 1880,Домик,Руины
661710995170036,Покровская церковь,Верхотурье,"г. Верхотурье, ул. Комсомольская, д. 4 ""А""",до 1800,Церковь,Удовлетворительное
661710995180005,Дом технической учебы Уралмашзавода,Екатеринбург,"г. Екатеринбург, ул. Культуры, д. 2 / пр. Орджоникидзе, д. 1",с 1920 до 1940,Завод,Удовлетворительное
661710995250015,Дом жилой,Екатеринбург,"Свердловской области, г. Екатеринбург, ул. Культуры, д. 8",с 1920 до 1940,Домик,Ансамбль
661710995250025,Дом жилой,Екатеринбург,"г. Екатеринбург, ул. Культуры, д. 4",с 1920 до 1940,Домик,Ансамбль
661710995250035,Дом жилой,Екатеринбург,"г. Екатеринбург, ул. Культуры, д. 6",с 1920 до 1940,Домик,Ансамбль
661710995260005,"Здание ""лечебницы врачей-специалистов""",Екатеринбург,"г. Екатеринбург, ул. Пушкина, д. 1/ул. Малышева, д. 37",с 1900 до 1920,Дворец,Удовлетворительное
661710995270005,Лавка,Екатеринбург,"г. Екатеринбург, ул. 8 Марта, д. 16",с 1850 до 1880,Домик,Удовлетворительное
661710995280005,Лавка,Екатеринбург,"г. Екатеринбург, ул. 8 Марта, д. 31, литер В",с 1850 до 1880,Домик,Хорошее
661710995290006,Плотина на реке Ольховке,Екатеринбург,г. Екатеринбург,с 1850 до 1880,Мост,Хорошее
661710995300005,Дом Сырейщикова Н.Ф.,Екатеринбург,"г. Екатеринбург, ул. 8 Марта, д. 23",с 1900 до 1920,Домик,Не существует
661710995310005,Лавка,Екатеринбург,"г. Екатеринбург, ул. 8 Марта, д. 20",с 1850 до 1880,Домик,Удовлетворительное
661710995320005,"Двухэтажный дом в ""кирпичном стиле""",Екатеринбург,"Свердловской области, г. Екатеринбург, ул. Горького, д. 7",с 1880 до 1900,Домик,Хорошее
661710995330005,"Дом, в котором родился и провел детские года И.Г. Толмачев, герой гражданской войны",Екатеринбург,"г. Екатеринбург, ул. Розы Люксембург, д. 10",период не определен,Домик,Удовлетворительное
661710995340005,Здание первой телефонной станции в г. Екатеринбурге,Екатеринбург,"г. Екатеринбург, пер. Театральный, д. 7/9",с 1900 до 1920,Домик,Удовлетворительное
661710995350005,Торговое здание в кирпичном стиле,Екатеринбург,"г. Екатеринбург, пер. Театральный, д. 5/4",с 1900 до 1920,Домик,Хорошее
661710995360005,"Здание павильона механизации Уральского лесотехнического института, где в 1964-1976 гг. работал селекционер-биохимик Л.И. Вигоров",Екатеринбург,"г. Екатеринбург, Сибирский тракт, д. 37",после 1960,Дворец,Удовлетворительное
661710995370005,Церковь,Екатеринбург,"г. Екатеринбург, Сибирский тракт, д. 19",с 1800 до 1850,Церковь,Не доступен
661710995380005,"Здание бывшего лабораторного корпуса Уральского филиала АН СССР, где работали выдающиеся советские ученые",Екатеринбург,"г. Екатеринбург, ул. Софьи Ковалевской, д. 20",с 1940 до 1960,Домик,Не существует
661710995390005,ДК ВИЗа,Екатеринбург,"г. Екатеринбург, пл. Субботников",с 1940 до 1960,Многоэтажка,Хорошее
661710995400005,Дом Л.Н. Казанцевой,Екатеринбург,"г. Екатеринбург, ул. Розы Люксембург, д. 63",с 1880 до 1900,Дворец,Хорошее
661710995410005,Дом жилой,Екатеринбург,"г. Екатеринбург, ул. Розы Люксембург, д. 8-10, литера А",с 1900 до 1920,Домик,Руины
661710995420005,Кузнечно-прессовый цех Уралмашзавода,Екатеринбург,"г. Екатеринбург, территория Уральского завода тяжелого машиностроения",с 1920 до 1940,Завод,Не доступен
661710995940005,Преображенская церковь,Екатеринбург,"г. Екатеринбург, ул. Походная, д. 2",с 1900 до 1920,Церковь,Хорошее
661710995950005,Особняк в стиле позднего классицизма,Екатеринбург,"г. Екатеринбург, ул. Горького, д. 28",с 1850 до 1880,Домик,Плохое
661710998460015,Гостиница,Екатеринбург,"г. Екатеринбург, ул. Пушкина, д. 7",с 1880 до 1900,Домик,Удовлетворительное
661710998460025,Флигель,Екатеринбург,"г. Екатеринбург, ул. Пушкина, д. 7",с 1880 до 1900,Домик,Хорошее
661710998460035,Конюшня,Екатеринбург,"г. Екатеринбург, ул. Пушкина, д. 7",с 1880 до 1900,Домик,Не существует
661710998460045,Баня,Екатеринбург,"г. Екатеринбург, ул. Пушкина, д. 7",с 1880 до 1900,Домик,Не существует
661710998480015,Гостиница,Екатеринбург,"г. Екатеринбург, ул. Первомайская, д. 11",с 1850 до 1880,Домик,Ансамбль
661710998480025,Ограда с воротами,Екатеринбург,"г. Екатеринбург, ул. Первомайская, д. 11",с 1850 до 1880,Ворота,Ансамбль
661710998490005,Дом Кругляшовых,Екатеринбург,"г. Екатеринбург, ул. Энгельса, д. 6",с 1900 до 1920,Домик,Хорошее
661710998500015,Дом с мансардой,Екатеринбург,"г. Екатеринбург, ул. Пушкина, д. 2/ул. Малышева, д. 39",с 1850 до 1880,Домик,Плохое
661710998500025,Ворота и каменная ограда,Екатеринбург,"г. Екатеринбург, ул. Пушкина, д. 2/ул. Малышева, д. 39",с 1850 до 1880,Ворота,Удовлетворительное
661710998500035,Флигель,Екатеринбург,"г. Екатеринбург, ул. Пушкина, д. 2/ ул. Малышева, д. 39",с 1850 до 1880,Домик,Удовлетворительное
661710998530025,Ограда палисадника,Екатеринбург,"г. Екатеринбург, ул. Мамина-Сибиряка, д. 187",с 1880 до 1900,Ворота,Удовлетворительное
661710998530035,Бывший дом Филитц,Екатеринбург,"г. Екатеринбург, ул. Мамина-Сибиряка, д. 187",с 1880 до 1900,Домик,Удовлетворительное
661710998540015,Ограда палисадника,Екатеринбург,"г. Екатеринбург, ул. Февральской революции, д. 27",период не определен,Ворота,Хорошее
661710998550005,"Гостиница ""Центральная""",Екатеринбург,"г. Екатеринбург, ул. Малышева, д. 74",с 1920 до 1940,Многоэтажка,Удовлетворительное
661710998560005,Никольская старообрядческая церковь,Екатеринбург,"г. Екатеринбург, ул. Тверитина, д. 54/77",с 1800 до 1850,Церковь,Не существует
661711004710015,Лабаз ,Ирбит,"г. Ирбит, ул. Советская, д. 62",период не определен,Домик,Хорошее
661711004710025,Лабаз,Ирбит,"г. Ирбит, ул. Советская, д. 62",период не определен,Домик,Удовлетворительное
661711004710035,Одноэтажное здание,Ирбит,"г. Ирбит, ул. Советская, д. 62",период не определен,Домик,Удовлетворительное
661711004710045,Одноэтажное здание,Ирбит,"г. Ирбит, ул. Советская, д. 62",период не определен,Домик,Хорошее
661711004710055,Одноэтажное здание,Ирбит,"г. Ирбит, ул. Советская, д. 62",период не определен,Домик,Хорошее
661711004710065,Здание мельницы,Ирбит,"г. Ирбит, ул. Советская, д. 62",период не определен,Завод,Руины
661711004720015,Жилой дом,Невьянск,"г. Невьянск, ул. Энгельса, д. 42",с 1900 до 1920,Домик,Удовлетворительное
661711004720025,Жилой дом,Невьянск,"г. Невьянск, ул. Энгельса, д. 40",с 1900 до 1920,Домик,Удовлетворительное
661711004730006,Наклонная башня Демидовых,Невьянск,г. Невьянск,до 1800,Башня,Удовлетворительное
661711004740015,Жилой дом,Невьянск,"г. Невьянск, ул. Кирова, д. 18",с 1880 до 1900,Домик,Плохое
661711004740025,Доходный дом,Невьянск,"г. Невьянск, ул. Кирова, д. 16",с 1880 до 1900,Домик,Руины
661711004740035,Лавка,Невьянск,"г. Невьянск, ул. Кирова, д. 18",с 1880 до 1900,Домик,Удовлетворительное
661711004750006,Дом промышленности,Екатеринбург,"г. Екатеринбург, ул. Мамина-Сибиряка, д. 145",с 1920 до 1940,Многоэтажка,Удовлетворительное
661711004760015,Корпус А (4 секции),Екатеринбург,"г. Екатеринбург, пр. Ленина, д. 5",с 1920 до 1940,Многоэтажка,Хорошее
661711004760025,Корпус Б (3 секции),Екатеринбург,"г. Екатеринбург, пр. Ленина, д. 5",с 1920 до 1940,Многоэтажка,Удовлетворительное
661711004760035,Корпус В (3 секции),Екатеринбург,"г. Екатеринбург, пр. Ленина, д. 5",с 1920 до 1940,Многоэтажка,Хорошее
661711004760045,Корпус Г,Екатеринбург,"г. Екатеринбург, пр. Ленина, д. 5",с 1920 до 1940,Многоэтажка,Хорошее
661711004760055,Корпус Д,Екатеринбург,"г. Екатеринбург, пр. Ленина, д. 5",с 1920 до 1940,Многоэтажка,Хорошее
661711004760065,Корпус-вставка,Екатеринбург,"г. Екатеринбург, пр. Ленина, д. 5",с 1940 до 1960,Многоэтажка,Хорошее
661711004770005,Спасская церковь,Екатеринбург,"г. Екатеринбург, ул. Бисертская, д. 12а",с 1920 до 1940,Церковь,Удовлетворительное
661711004780005,Бани,Екатеринбург,"г. Екатеринбург, ул. XXII партсъезда, д. 6",с 1920 до 1940,Амбар,Удовлетворительное
661711004790005,Дом Левитских,Екатеринбург,"г. Екатеринбург, ул. Розы Люксембург, д. 9",период не определен,Домик,Хорошее
661711004800005,Церковь Иоанна Предтечи (действующая),Екатеринбург,"г. Екатеринбург, ул. Репина (Ивановское кладбище)",с 1850 до 1880,Церковь,Хорошее
661711004810005,Место захоронения героев гражданской войны,Екатеринбург,"г. Екатеринбург, Нижнеисетское кладбище",период не определен,Монумент,Не доступен
661711004820005,Могила хирурга А.Т. Лидского,Екатеринбург,"г. Екатеринбург, Широкореченское кладбище",после 1960,Монумент,Не доступен
661711004830005,Могила дирижера А.Э. Маргуляна,Екатеринбург,"г. Екатеринбург, Широкореченское кладбище",с 1940 до 1960,Монумент,Не доступен
661711004840005,Могила писателя И.И. Ликстанова,Екатеринбург,"г. Екатеринбург, Ивановское кладбище",с 1940 до 1960,Монумент,Хорошее
661711004850005,Христорождественская единоверческая церковь,Екатеринбург,"г. Екатеринбург, ул. Школьников, д. 1",с 1800 до 1850,Церковь,Хорошее
661711004860006,Здание Управления Свердловской железной дороги,Екатеринбург,"г. Екатеринбург, ул. Челюскинцев, д. 11",с 1920 до 1940,Дворец,Хорошее
661711004870005,Контора Режевского завода,Реж,"г. Реж, ул. Советская",с 1800 до 1850,Завод,Плохое
661711004890006,Дом Главного начальника,Екатеринбург,"г. Екатеринбург, наб. Рабочей молодежи, д. 3 / пер. Химиков, д. 2",с 1800 до 1850,Дворец,Хорошее
661711004900005,Корпус пухоочистительной фабрики купца Г.Б. Перетца,Екатеринбург,"г. Екатеринбург, ул. Шейнкмана, д. 31",с 1940 до 1960,Домик,Хорошее
661711004910005,Больница,Екатеринбург,"г. Екатеринбург, ул. Старых Большевиков, д. 9",с 1940 до 1960,Многоэтажка,Удовлетворительное
661711004920006,"Дом, в котором находился штаб областного Екатеринбургского комитета РСДРП (б) во главе с Малышевым, Вайнером и Хохряковым",Екатеринбург,"г. Екатеринбург, ул. Малышева, д. 46",период не определен,Домик,Хорошее
661711004940015,Дом жилой с магазином,Екатеринбург,"г. Екатеринбург, ул. Малышева, д. 64 / ул. Гоголя, д. 1",с 1850 до 1880,Домик,Хорошее
661711004940025,Магазин,Екатеринбург,"г. Екатеринбург, ул. Малышева, д. 64 / ул. Гоголя, д. 1",с 1850 до 1880,Домик,Хорошее
661711004940035,Лавка,Екатеринбург,"г. Екатеринбург, ул. Малышева, д. 64 / ул. Гоголя, д. 1",с 1850 до 1880,Домик,Удовлетворительное
661711004950005,Дом жилой с лавкой,Екатеринбург,"г. Екатеринбург, ул. Малышева, д. 29-а",с 1850 до 1880,Домик,Удовлетворительное
661711004960015,Полутораэтажный дом в русском стиле,Екатеринбург,"г. Екатеринбург, ул. Декабристов, д. 40",с 1850 до 1880,Домик,Плохое
661711004960025,Дом с мезонином,Екатеринбург,"г. Екатеринбург, ул. Декабристов, д. 40",с 1850 до 1880,Домик,Удовлетворительное
661711004960035,Ворота,Екатеринбург,"г. Екатеринбург, ул. Декабристов, д. 40",с 1850 до 1880,Ворота,Ансамбль
661711004970015,Трехэтажный основной дом,Екатеринбург,"г. Екатеринбург, ул. Декабристов, д. 36-38",с 1800 до 1850,Дворец,Удовлетворительное
661711004970025,Въездная арка,Екатеринбург,"г. Екатеринбург, ул. Декабристов, д. 36-38",с 1800 до 1850,Домик,Руины
661711004970035,Двухэтажный флигель,Екатеринбург,"г. Екатеринбург, ул. Декабристов, д. 36-38",с 1800 до 1850,Домик,Удовлетворительное
661711004980015,Двухэтажный полукаменный флигель,Екатеринбург,"г. Екатеринбург, ул. Розы Люксембург, д. 14а",с 1880 до 1900,Домик,Удовлетворительное
661711004990005,"Дом камнереза Трапезникова, как образец деревянного зодчества с кружевным орнаментом и узорной металлической изгородью",Екатеринбург,"г. Екатеринбург, ул. Розы Люксембург, д. 14",с 1900 до 1920,Изба,Хорошее
661711005000005,Особняк,Екатеринбург,"г. Екатеринбург, пр. Ленина, д. 18",с 1900 до 1920,Домик,Удовлетворительное
661711005010005,Дом мещанина Д.Х. Иконникова,Екатеринбург,"г. Екатеринбург, пр. Ленина, д. 18-а",с 1900 до 1920,Домик,Плохое
661711005020005,Дом Падучевых,Екатеринбург,"г. Екатеринбург, ул. Карла Либкнехта, д. 32, литера А1",с 1900 до 1920,Домик,Хорошее
661711017100015,Ворота,Екатеринбург,"г. Екатеринбург, ул. Сакко и Ванцетти, д. 58а",с 1900 до 1920,Ворота,Удовлетворительное
661711017100025,Дом жилой,Екатеринбург,"г. Екатеринбург, ул. Сакко и Ванцетти, д. 58а",с 1900 до 1920,Домик,Хорошее
661711017110015,Двое ворот,Екатеринбург,"г. Екатеринбург, ул. Декабристов, д. 34 / 66",с 1850 до 1880,Домик,Удовлетворительное
661711017110025,Ограда,Екатеринбург,"г. Екатеринбург, ул. Декабристов, д. 34 / 66",с 1850 до 1880,Ворота,Удовлетворительное
661711017110035,Двухэтажный жилой дом,Екатеринбург,"г. Екатеринбург, ул. Декабристов, д. 34 / 66",с 1850 до 1880,Домик,Удовлетворительное
661711017130005,Подсобное помещение литейного цеха Невьянского механического завода,Невьянск,"г. Невьянск, механический завод",до 1800,Завод,Не доступен
661711017140005,Производственный корпус Невьянского механического завода,Невьянск,"г. Невьянск, механический завод",до 1800,Завод,Не доступен
661711017150015,Кричный цех,Невьянск,"г. Невьянск, территория Невьянского механического завода",с 1850 до 1880,Завод,Не доступен
661711017150025,Плотина,Невьянск,"г. Невьянск, территория Невьянского механического завода",до 1800,Мост,Хорошее
661711017150035,Электростанция,Невьянск,"г. Невьянск, территория Невьянского механического завода",с 1900 до 1920,Домик,Удовлетворительное
661711017150045,Дымовая труба,Невьянск,"г. Невьянск, территория Невьянского механического завода",с 1900 до 1920,Домик,Не доступен
661711017150055,Преображенский собор,Невьянск,г. Невьянск,с 1850 до 1880,Церковь,Удовлетворительное
661711035360015,Приемная врача,Верхотурье,"г. Верхотурье, ул. Комсомольская, д. 6",период не определен,Изба,Руины
661711035360025,Главный корпус,Верхотурье,"г. Верхотурье, ул. Комсомольская, д. 8",период не определен,Изба,Удовлетворительное
661711035360035,Аптека,Верхотурье,"г. Верхотурье, ул. Комсомольская, д. 10",период не определен,Домик,Хорошее
661711035370015,Дом с мезонином,Верхотурье,"г. Верхотурье, ул. Ленина, д. 27",с 1850 до 1880,Изба,Удовлетворительное
661711035370025,Амбар,Верхотурье,"г. Верхотурье, ул. Ленина, д. 27",с 1850 до 1880,Амбар,Не существует
661711035380005,Дом Добродеева И.Я.,Нижний Тагил,"г. Нижний Тагил, ул. Большегальяновская, д. 144",с 1850 до 1880,Изба,Руины
661711035390005,"Памятный знак, установленный в честь выплавки в декабре 1967 г. Нижнетагильским металлургическим комбинатом стомиллионной тонны стали",Нижний Тагил,"г. Нижний Тагил, пл. Сталеплавильщиков",после 1960,Домик,Не доступен
661711035400015,Одноэтажный каменный дом,Екатеринбург,"г. Екатеринбург, ул. Боевых дружин, д. 26 /15",с 1850 до 1880,Домик,Не доступен
661711035400025,Ворота и ограда,Екатеринбург,"г. Екатеринбург, ул. Боевых дружин, д. 26 / ул. Шейнкмана, д. 15",с 1850 до 1880,Ворота,Плохое
661711035400035,Флигель каменный,Екатеринбург,"г. Екатеринбург, ул. Боевых дружин, д. 26 / 15",с 1850 до 1880,Домик,Хорошее
661711035410015,Флигель южный,Екатеринбург,"г. Екатеринбург, ул. Горького, 21-23",с 1900 до 1920,Домик,Хорошее
661711035410025,Флигель северный,Екатеринбург,"г. Екатеринбург, ул. Горького, 21-23",с 1900 до 1920,Домик,Хорошее
661711035410035,Дом,Екатеринбург,"г. Екатеринбург, ул. Горького, 21-23",с 1900 до 1920,Домик,Хорошее
661711035420025,Ограда с колоннадой,Екатеринбург," Свердловская область,г. Екатеринбург, ул. Чапаева, д. 1",с 1800 до 1850,Ворота,Плохое
661711035420035,Двухэтажный каменный жилой дом,Екатеринбург," г. Екатеринбург, ул. Чапаева, д. 1",с 1800 до 1850,Домик,Хорошее
661711035420045,Угловой дом,Екатеринбург," г. Екатеринбург, ул. Чапаева, д. 1",с 1800 до 1850,Изба,Удовлетворительное
661711035420055,Двухэтажная каменная хозяйственная постройка,Екатеринбург,"г. Екатеринбург, ул. Чапаева, д. 1",с 1800 до 1850,Домик,Не существует
661711035430005,Завод аффинажный: производственный корпус,Екатеринбург,"г. Екатеринбург, пр. Ленина, д. 8",с 1920 до 1940,Завод,Хорошее
661711035440005,Дом купцов Ижболдиных,Екатеринбург,"г. Екатеринбург, пр. Ленина, д. 22",с 1850 до 1880,Домик,Хорошее
661711035450015,Ограда и ворота,Екатеринбург,"г. Екатеринбург, ул. Чапаева, д. 8",с 1850 до 1880,Ворота,Удовлетворительное
661711035460005,"Дом, в котором в 1906 г. размещалась подпольная типография большевиков",Утрачен,Утрачен,с 1900 до 1920,Домик,Не доступен
661711035470005,Дом И.Е. Шабаргина,Екатеринбург,"г. Екатеринбург, ул. Хохрякова, д. 72",с 1850 до 1880,Домик,Не существует
661711035480005,Особняк в стиле модерн,Екатеринбург,"г. Екатеринбург, ул. Трактовая, д. 15",с 1900 до 1920,Домик,Хорошее
661711035490005,Жилой дом в стиле классицизма,Екатеринбург,"г. Екатеринбург, ул. Розы Люксембург, д. 53",с 1850 до 1880,Домик,Не существует
661711035500015,Дом жилой,Екатеринбург,"г. Екатеринбург, пр. Ленина, д. 7",с 1800 до 1850,Домик,Удовлетворительное
661711035500025,Восточный флигель,Екатеринбург,"г. Екатеринбург, пр. Ленина, д. 7",с 1800 до 1850,Домик,Хорошее
661711035500035,"Северный флигель ""контора вольных почт""",Екатеринбург,"г. Екатеринбург, ул. Шейнкмана, д. 31",с 1850 до 1880,Домик,Хорошее
661711035510025,Каменная ограда и ворота,Екатеринбург,"г. Екатеринбург, ул. Красноармейская, д. 89",с 1880 до 1900,Ворота,Хорошее
661711035510035,Одноэтажный деревянный флигель,Екатеринбург,"г. Екатеринбург, ул. Красноармейская, д. 89",с 1880 до 1900,Изба,Хорошее
661711035510045,Одноэтажный каменный жилой дом,Екатеринбург,"г. Екатеринбург, ул. Красноармейская, д. 89",с 1880 до 1900,Домик,Хорошее
661711078490015,Флигель,Екатеринбург,"г. Екатеринбург, ул. Розы Люксембург, д. 1-а",с 1880 до 1900,Домик,Удовлетворительное
661711078570005,Жилой дом,Невьянск,"г. Невьянск, ул. Кропоткина, д. 2",с 1880 до 1900,Домик,Не существует
661711078580005,"Последняя самоходная артиллерийская установка, выпущенная Уральским машиностроительным заводом",Екатеринбург,"г. Екатеринбург, территория Уральского машиностроительного завода",с 1940 до 1960,Завод,Не доступен
661711078590005,Жилой дом,Невьянск,"г. Невьянск, ул. Комсомольская, д. 6",с 1900 до 1920,Домик,Удовлетворительное
661711078630015,Жилой дом,Екатеринбург,"г. Екатеринбург, ул. Куйбышева, д. 48-Б",с 1920 до 1940,Многоэтажка,Хорошее
661711078630025,Жилой дом,Екатеринбург,"г. Екатеринбург, ул. Куйбышева, д. 48-В",с 1920 до 1940,Многоэтажка,Удовлетворительное
661711078630035,Жилой дом с магазинами,Екатеринбург,"г. Екатеринбург, ул. Куйбышева, д. 48-А",с 1940 до 1960,Многоэтажка,Плохое
661711078640015,Пансион,Екатеринбург,"г. Екатеринбург, ул. Толмачева, д. 8",с 1850 до 1880,Домик,Плохое
661711078640025,Корпус учебный,Екатеринбург,"г. Екатеринбург, ул. Карла Либкнехта, д. 9",с 1850 до 1880,Дворец,Удовлетворительное
661711078640035,Церковь Марии Магдалины,Екатеринбург,"г. Екатеринбург, ул. Толмачева, д. 8",с 1850 до 1880,Церковь,Плохое
661711078640045,Каменные ворота,Екатеринбург,"г. Екатеринбург, ул. Карла Либкнехта, д. 9",с 1850 до 1880,Ворота,Удовлетворительное
661711086590005,Особняк О-Р-Ф Шмидена,Утрачен,Утрачен,с 1880 до 1900,Домик,Не доступен
661711086600015,Двухэтажный каменный жилой дом,Екатеринбург,"г. Екатеринбург, ул. Красноармейская, д. 18",с 1880 до 1900,Домик,Не существует
661711086600035,Конюшни,Екатеринбург,"г. Екатеринбург, ул. Красноармейская, д. 18",с 1880 до 1900,Домик,Не существует
661711086600045,Погреб-ледник,Екатеринбург,"г. Екатеринбург, ул. Красноармейская, д. 18",с 1880 до 1900,Домик,Не существует
661711086600055,Каменная ограда,Екатеринбург,"г. Екатеринбург, ул. Красноармейская, д. 18",с 1880 до 1900,Ворота,Не существует
661711086610005,"Дом, где в квартире большевика М.А. Герцмана в 1905-1906 гг. хранилось оружие Екатеринбургской боевой дружины",Екатеринбург,"г. Екатеринбург, ул. Радищева, д. 27",с 1900 до 1920,Домик,Не существует
661711086620005,Усадьба Жирякова: двухэтажный флигель,Екатеринбург,"г. Екатеринбург, ул. Вайнера, д. 7",с 1850 до 1880,Домик,Не существует
661711097490015,Покровская церковь,Верхотурье,"г. Верхотурье, ул. Клубная, д. 6",с 1900 до 1920,Церковь,Хорошее
661711097490025,Амбары с оградой,Верхотурье,"г. Верхотурье, ул. Сенянского, д. 1",период не определен,Амбар,Хорошее
661711097490035,Строение хозяйственное,Верхотурье,"г. Верхотурье, ул. Комсомольская, д. 4 ""Б""",до 1800,Домик,Руины
661711097490045,Гостиница,Верхотурье,"г. Верхотурье, ул. Клубная, д. 8",с 1900 до 1920,Домик,Удовлетворительное
661711097490055,Жилой корпус,Верхотурье,"г. Верхотурье, ул. Клубная, д. 2",с 1900 до 1920,Домик,Хорошее
661711097500015,Флигель,Верхотурье,"г. Верхотурье, ул. Карла Маркса, д. 29 ""А""",с 1900 до 1920,Изба,Руины
661711097500025,Жилой дом,Верхотурье,"г. Верхотурье, ул. К. Маркса, д. 29",с 1900 до 1920,Изба,Удовлетворительное
661711097500035,Амбар,Верхотурье,"г. Верхотурье, ул. Карла Маркса, д. 29 ""Б""",с 1900 до 1920,Амбар,Удовлетворительное
661711097510005,Деревянная лавка,Верхотурье,"г. Верхотурье, ул. Карла Маркса, д. 3",с 1900 до 1920,Изба,Хорошее
661711097520005,Склад винный казенный,Верхотурье,"г. Верхотурье, ул. Ленина, д. 13",с 1900 до 1920,Амбар,Руины
661711097530005,Жилой дом,Невьянск,"г. Невьянск, ул. Комсомольская, д. 14",с 1880 до 1900,Изба,Хорошее
661711097540005,Купольный склад муки купца Пискунова,Невьянск,"г. Невьянск, ул. Попова, д. 27а",с 1900 до 1920,Амбар,Не существует
661711097550005,Доходный дом,Невьянск,"г. Невьянск, ул. Кирова, 34",с 1880 до 1900,Изба,Руины
661711097560005,Купеческий дом,Невьянск,"г. Невьянск, ул. Кирова, д. 13-15",с 1880 до 1900,Домик,Хорошее
661711097570005,Купеческий особняк И.З. Карпова,Невьянск,"г. Невьянск, ул. Комсомольская, д. 3",с 1900 до 1920,Домик,Плохое
661711097580015,"Здание конюшен, пожарной части и заводского театра",Нижний Тагил,"г. Нижний Тагил, территория НТМЗ",с 1800 до 1850,Завод,Не доступен
661711097580025,Цех мартеновский,Нижний Тагил,"г. Нижний Тагил, территория НТМЗ",с 1850 до 1880,Завод,Плохое
661711097580035,Энергоцех,Нижний Тагил,"г. Нижний Тагил, территория НТМЗ",с 1880 до 1900,Завод,Не доступен
661711097580045,Цех кузнечный,Нижний Тагил,"г. Нижний Тагил, территория НТМЗ",с 1800 до 1850,Завод,Удовлетворительное
661711097580055,Цеха прокатные,Нижний Тагил,"г. Нижний Тагил, территория НТМЗ",с 1900 до 1920,Завод,Удовлетворительное
661711097580065,Цех механический,Нижний Тагил,"г. Нижний Тагил, территория НТМЗ",с 1800 до 1850,Завод,Плохое
661711097580075,Цех доменный,Нижний Тагил,"г. Нижний Тагил, территория НТМЗ",с 1920 до 1940,Завод,Удовлетворительное
661711097580085,Контора заводская,Нижний Тагил,"г. Нижний Тагил, территория НТМЗ",с 1800 до 1850,Завод,Удовлетворительное
661711097580095,Конюшенный двор,Нижний Тагил,"г. Нижний Тагил, территория НТМЗ",с 1800 до 1850,Домик,Не доступен
661711097580105,Корпус штанговый,Нижний Тагил,"г. Нижний Тагил, территория НТМЗ",с 1800 до 1850,Домик,Руины
661711097590015,Дом с мезонином,Екатеринбург,"г. Екатеринбург, ул. Белинского, д. 6",с 1850 до 1880,Домик,Удовлетворительное
661711097590025,Флигель,Екатеринбург,"г. Екатеринбург, ул. Белинского, д. 6",с 1880 до 1900,Домик,Удовлетворительное
661711097600015,Силовой цех,Екатеринбург,"г. Екатеринбург, ул. Азина, д. 22",с 1900 до 1920,Завод,Хорошее
661711097600025,Здание проходной,Екатеринбург,"г. Екатеринбург, ул. Азина, д. 22",с 1900 до 1920,Домик,Хорошее
661711097600035,Каменные столярные мастерские,Екатеринбург,"г. Екатеринбург, ул. Азина, д. 22",с 1900 до 1920,Домик,Хорошее
661711097600045,"Мельница Борчанинова-Первушина, как памятник промышленной архитектуры",Екатеринбург,"г. Екатеринбург, ул. Азина, д. 22",с 1880 до 1900,Монумент,Хорошее
661711097610015,Дом жилой,Екатеринбург,"г. Екатеринбург, пр. Ленина, д. 93",с 1940 до 1960,Многоэтажка,Удовлетворительное
661711097610025,Дом жилой,Екатеринбург,"г. Екатеринбург, пр. Ленина, д. 101",с 1940 до 1960,Многоэтажка,Удовлетворительное
661711097610035,Техникум политехнический,Екатеринбург,"г. Екатеринбург, пр. Ленина, д. 89",с 1940 до 1960,Многоэтажка,Удовлетворительное
661711097610045,Здание административное,Екатеринбург,"г. Екатеринбург, пр. Ленина, д. 97а",с 1940 до 1960,Многоэтажка,Удовлетворительное
661711097610055,Дом жилой,Екатеринбург,"г. Екатеринбург, пр. Ленина, д. 97",с 1940 до 1960,Многоэтажка,Удовлетворительное
661711097610065,Дом жилой,Екатеринбург,"г. Екатеринбург, пр. Ленина, д. 91",с 1940 до 1960,Многоэтажка,Хорошее
661711097610075,Дом жилой,Екатеринбург,"г. Екатеринбург, пр. Ленина, д. 95",с 1940 до 1960,Многоэтажка,Удовлетворительное
661711097620015,Дом жилой,Екатеринбург,"г. Екатеринбург, ул. Вайнера, д. 42",с 1880 до 1900,Домик,Удовлетворительное
661711097620025,Лавка,Екатеринбург,"г. Екатеринбург, ул. Вайнера, д. 42",с 1880 до 1900,Домик,Плохое
661711097630016,Стена главного корпуса,Екатеринбург,"г. Екатеринбург, ул. Горького, д. 4а",период не определен,Домик,Хорошее
661711097630026,Сушильный корпус,Екатеринбург,"г. Екатеринбург, ул. Горького, д. 4а",период не определен,Домик,Удовлетворительное
661711097630036,Здание кладовых,Екатеринбург,"г. Екатеринбург, ул. Горького, д. 4а",период не определен,Домик,Удовлетворительное
661711097630046,Остатки стен,Екатеринбург,"г. Екатеринбург, Исторический сквер, со стороны ул. Воеводина / угол пр. Ленина",период не определен,Домик,Руины
661711097630056,Остатки древней плотины Исетского пруда с фрагментами в местах нахождения водосбросов,Екатеринбург,"г. Екатеринбург, Исторический сквер, проспект Ленина",период не определен,Домик,Хорошее
661711097630066,Грот,Екатеринбург,"г. Екатеринбург, Исторический сквер, проспект Ленина",период не определен,Домик,Хорошее
661711097630076,Водонапорная башня,Екатеринбург,"г. Екатеринбург, Исторический сквер, со стороны проспекта Ленина / угол ул. Горького",период не определен,Башня,Хорошее
661711097630086,Ворота,Екатеринбург,"г. Екатеринбург, Исторический сквер, со стороны ул. Горького / угол пр. Ленина",период не определен,Ворота,Плохое
661711097630096,Ворота,Екатеринбург,"г. Екатеринбург, Исторический сквер, со стороны ул. Горького / угол ул. Малышева",период не определен,Ворота,Хорошее
661711097630106,Ворота,Екатеринбург,"г. Екатеринбург, Исторический сквер, со стороны ул. Воеводина / угол пр. Ленина",период не определен,Ворота,Хорошее
661711097630116,Ворота,Екатеринбург,"г. Екатеринбург, Исторический сквер, со стороны ул. Горького",период не определен,Ворота,Хорошее
661711097630126,Дом чертежников,Екатеринбург,"г. Екатеринбург, ул. Горького, д. 4а",период не определен,Домик,Хорошее
661711097630136,Производственный корпус,Екатеринбург,"г. Екатеринбург, ул. Горького, д. 4",период не определен,Домик,Удовлетворительное
661711097630146,Гранитные устои косого моста через реку Исеть,Екатеринбург,"г. Екатеринбург, центральная часть города",период не определен,Мост,Удовлетворительное
661711097640015,Фабрика плющильная с магазином листового железа,Екатеринбург,"г. Екатеринбург, территория ВИЗа",с 1850 до 1880,Завод,Не доступен
661711097640025,"Фабрика литейная, механическая и слесарная",Екатеринбург,"г. Екатеринбург, территория ВИЗа",с 1800 до 1850,Завод,Не доступен
661711097640035,Плотина заводского пруда,Екатеринбург,"г. Екатеринбург, территория ВИЗа",до 1800,Мост,Не доступен
661711097640045,Цех доменный и механический,Екатеринбург,"г. Екатеринбург, территория ВИЗа",с 1850 до 1880,Завод,Не доступен
661711097640055,Цех кричный южный,Екатеринбург,"г. Екатеринбург, территория ВИЗа",с 1800 до 1850,Завод,Не доступен
661711097640065,Корпус вспомогательных производств,Екатеринбург,"г. Екатеринбург, территория ВИЗа",с 1800 до 1850,Домик,Не доступен
661711097640075,Цех кричный северный,Екатеринбург,"г. Екатеринбург, территория ВИЗа",с 1800 до 1850,Завод,Не доступен
661711097650015,Флигель,Утрачен,Утрачен,с 1800 до 1850,Домик,Не доступен
661711097650025,Ворота и ограда,Екатеринбург,"г. Екатеринбург, ул. Добролюбова, д. 10",с 1800 до 1850,Ворота,Хорошее
661711097650035,Дом жилой,Екатеринбург,"г. Екатеринбург, ул. Добролюбова, д. 10",с 1800 до 1850,Домик,Хорошее
661711097660015,Павильон,Екатеринбург,"г. Екатеринбург, ул. Вокзальная, д. 22",с 1850 до 1880,Домик,Хорошее
661711097660025,Башня водонапорная,Екатеринбург,"г. Екатеринбург, ул. Вокзальная",с 1880 до 1900,Башня,Хорошее
661711097660035,Здание вокзала,Екатеринбург,"г. Екатеринбург, ул. Вокзальная, д. 14",с 1940 до 1960,Домик,Хорошее
661711097670026,Жилой дом,Екатеринбург,"г. Екатеринбург, пр. Ленина, д. 52-54",с 1920 до 1940,Многоэтажка,Плохое
661711097670036,Жилой дом,Екатеринбург,"г. Екатеринбург, пр. Ленина, д. 52-54",с 1920 до 1940,Многоэтажка,Плохое
661711097670046,Жилой дом,Екатеринбург,"г. Екатеринбург, пр. Ленина, д. 52-54",с 1920 до 1940,Многоэтажка,Плохое
661711097670056,Детские ясли,Екатеринбург,"г. Екатеринбург, пр. Ленина, д. 52-54",с 1920 до 1940,Многоэтажка,Удовлетворительное
661711097670066,Детский сад,Екатеринбург,"г. Екатеринбург, пр. Ленина, д. 52-54",с 1920 до 1940,Домик,Хорошее
661711097670076,Больница,Екатеринбург,"г. Екатеринбург, пр. Ленина, д. 52-54",с 1920 до 1940,Многоэтажка,Хорошее
661711097670086,Жилой дом,Екатеринбург,"г. Екатеринбург, пр. Ленина, д. 52-54",с 1920 до 1940,Многоэтажка,Плохое
661711097680015,Здание служб,Екатеринбург,"г. Екатеринбург, ул. Сакко и Ванцетти, д. 41",с 1880 до 1900,Домик,Удовлетворительное
661711097680025,Флигель,Екатеринбург,"г. Екатеринбург, ул. Сакко и Ванцетти, д. 41",с 1880 до 1900,Домик,Хорошее
661711097680035,Корпус учебный,Екатеринбург,"г. Екатеринбург, пр. Ленина, д.13б / ул. Маршала Жукова, д. 1",с 1880 до 1900,Домик,Хорошее
661711097680045,Ворота,Екатеринбург,"г. Екатеринбург, пр. Ленина, 13",с 1880 до 1900,Ворота,Хорошее
661711097680055,Здание пансиона с домовой церковью,Екатеринбург,"г. Екатеринбург, пр. Ленина, 13 / ул. Сакко и Ванцетти, д. 41",с 1880 до 1900,Церковь,Хорошее
661711097690015,Флигель,Екатеринбург,"г. Екатеринбург, ул. Горького, д. 15/ул. Первомайская, д. 1",с 1850 до 1880,Домик,Плохое
661711097690025,Лаборатория,Екатеринбург,"г. Екатеринбург, ул. Горького, д. 15 / ул. Первомайская, д. 1",с 1850 до 1880,Дворец,Плохое
661711097690035,Ограда с воротами,Екатеринбург,"г. Екатеринбург, ул. Горького, д. 15 / ул. Первомайская, д. 1",с 1850 до 1880,Ворота,Плохое
661711097690045,Дом жилой,Екатеринбург,"г. Екатеринбург, ул. Горького, д. 15 / ул. Первомайская, д. 1",с 1850 до 1880,Домик,Плохое
661711097700005,"Дом, где в 1935 г. родился и провел детские годы художник А.И. Корзухин",Екатеринбург,"г. Екатеринбург, ул. Гастелло, д. 42",с 1800 до 1850,Изба,Руины
661711097710005,Дом жилой,Екатеринбург,"г. Екатеринбург, ул. Куйбышева, д. 24 / 127",с 1850 до 1880,Домик,Не существует
661711097720015,Дом жилой,Утрачен,Утрачен,с 1940 до 1960,Домик,Не доступен
661711097720025,Дом жилой,Екатеринбург,"г. Екатеринбург, ул. Большакова, д. 84",с 1940 до 1960,Изба,Руины
661711097720035,Дом жилой,Екатеринбург,"г. Екатеринбург, ул. Большакова, д. 82",с 1940 до 1960,Изба,Плохое
661711097720045,Дом жилой,Екатеринбург,"г. Екатеринбург, ул. Большакова, д. 86",с 1940 до 1960,Изба,Удовлетворительное
661711097730015,Флигель,Екатеринбург,"г. Екатеринбург, ул. Хохрякова, д. 1",с 1850 до 1880,Домик,Хорошее
661711097730025,Хозпостройки,Екатеринбург,"г. Екатеринбург, ул. Хохрякова, д. 1",с 1850 до 1880,Домик,Хорошее
661711097740005,Усадьба торгового дома А.И. Захо: дом жилой,Екатеринбург,"г. Екатеринбург, ул. Вайнера, д. 3/5",с 1940 до 1960,Домик,Не существует
661711097750015,Ограда кирпичная,Екатеринбург,"г. Екатеринбург, пр. Ленина, д. 6",с 1880 до 1900,Ворота,Хорошее
661711097750025,Здание банка,Екатеринбург,"г. Екатеринбург, пр. Ленина, д. 6, литер Б",с 1800 до 1850,Домик,Хорошее
661711097750035,Ворота,Екатеринбург,"г. Екатеринбург, пр. Ленина, д. 6",с 1880 до 1900,Ворота,Хорошее
661711097750045,Здание банка,Екатеринбург,"г. Екатеринбург, пр. Ленина, д. 6",с 1880 до 1900,Домик,Удовлетворительное
661711097760016,Спортивный зал,Екатеринбург,"г. Екатеринбург, ул. Кузнечная, д. 91а",с 1920 до 1940,Домик,Хорошее
661711097760026,Жилой дом,Екатеринбург,"г. Екатеринбург, ул. Кузнечная, д. 91",с 1920 до 1940,Многоэтажка,Удовлетворительное
661711097760036,Жилой дом,Екатеринбург,"г. Екатеринбург, ул. Первомайская, д. 44",с 1920 до 1940,Многоэтажка,Удовлетворительное
661711097760046,Столовая,Екатеринбург,"г. Екатеринбург, пр. Ленина, д. 71",с 1920 до 1940,Домик,Хорошее
661711097760056,Штаб УРАЛВО,Екатеринбург,"г. Екатеринбург, пр. Ленина, д. 71",с 1920 до 1940,Многоэтажка,Хорошее
661711097770025,Ворота,Екатеринбург,"г. Екатеринбург, пр. Ленина, д. 11",с 1800 до 1850,Ворота,Хорошее
661711097770035,Флигель,Екатеринбург,"г. Екатеринбург, ул. Сакко и Ванцетти, д. 42",с 1850 до 1880,Домик,Хорошее
661711097770045,Угловой флигель,Екатеринбург,"г. Екатеринбург, пр. Ленина, д. 11",с 1850 до 1880,Домик,Не существует
661711097770055,Ограда,Екатеринбург,"г. Екатеринбург, пр. Ленина, д. 11",с 1850 до 1880,Ворота,Удовлетворительное
661711097770065,Дом маркшейдера гиттен-фервалтера И.В. Полкова,Екатеринбург,"г. Екатеринбург, пр. Ленина, д. 11",с 1800 до 1850,Домик,Хорошее
661711097780015,Ворота и ограда,Екатеринбург,"г. Екатеринбург, ул. Добролюбова, д. 9, 9-а",с 1850 до 1880,Ворота,Плохое
661711097780045,Двухэтажный каменный жилой дом,Екатеринбург,"г. Екатеринбург, ул. Добролюбова, д. 9",с 1850 до 1880,Домик,Хорошее
661711097780055,Двухэтажный полукаменный флигель,Екатеринбург,"г. Екатеринбург, ул. Добролюбова, д. 9",с 1850 до 1880,Домик,Удовлетворительное
661711097790006,Здание заводоуправления Верх-Исетского завода,Екатеринбург,"Свердловскапя область, г. Екатеринбург, на территории Верх-Исетского завода",с 1800 до 1850,Завод,Не доступен
661711097800005,Дом Шевкуновой Е.И.,Екатеринбург,"г. Екатеринбург, ул. Розы Люксембург, д. 51",с 1800 до 1850,Домик,Не существует
661711097810015,Двое ворот,Екатеринбург,"г. Екатеринбург, ул. Пушкина, стр. 3",с 1880 до 1900,Домик,Хорошее
661711097810025,Двухэтажное здание гостиницы в духе эклектики,Екатеринбург,"г. Екатеринбург, ул. Пушкина, стр. 3",с 1880 до 1900,Домик,Хорошее
661711097810035,Служебное здание в стиле модерн,Екатеринбург,"г. Екатеринбург, ул. Пушкина, стр. 3",с 1900 до 1920,Домик,Хорошее
661711097820015,I заводская электростанция,Нижний Тагил,"г. Нижний Тагил, территория НТМК",с 1900 до 1920,Завод,Не доступен
661711097820025,I советская электростанция,Нижний Тагил,"г. Нижний Тагил, территория НТМК",с 1900 до 1920,Домик,Не доступен
661711097830005,Церковь,Гаринский район,"Гаринский район, д. Кошмаки",с 1900 до 1920,Церковь,Не доступен
661711097840005,Здание магазина Мещерякова,Камышлов,"г. Камышлов, ул. Карла Маркса, д. 35а",с 1880 до 1900,Домик,Хорошее
661711097850005,"Дом, в котором жил комсомолец Петр Пуртов, геройски погибший под Мадридом в Испании в 1939 г.",Камышлов,"г. Камышлов, ул. Пролетарская, д. 9",с 1920 до 1940,Изба,Хорошее
661711097860005,"Дом, в котором жил первый председатель Каменского Совета рабочих и солдатских депутатов Я.Ф. Прокопьев",Каменск-Уральский,"г. Каменск-Уральский, ул. Прокопьева, д. 26",период не определен,Домик,Не существует
661711097870015,Изба кучерская,Каменск-Уральский,"г. Каменск-Уральский, ул. Пионерская, д. 8, строение 1",с 1880 до 1900,Изба,Удовлетворительное
661711097870025,Дом жилой,Каменск-Уральский,"г. Каменск-Уральский, ул. Ленина, д. 117",с 1850 до 1880,Домик,Удовлетворительное
661711097890006,"Дом, в котором в 1859-1867 гг. жил Попов Александр Степанович",Краснотурьинск,"г. Краснотурьинск, ул. Попова, д. 70",с 1850 до 1880,Изба,Хорошее
661711097900005,Жилой дом,Реж,"г. Реж, ул. Советская, д. 25",с 1900 до 1920,Домик,Руины
661711249450026,Доменная печь,Билимбай,"г. Первоуральск, р.п. Билимбай",до 1800,Дворец,Руины
661711249450036,Доменная печь,Билимбай,"г. Первоуральск, р.п. Билимбай",до 1800,Дворец,Плохое
661711249450046,Литейный двор,Билимбай,"г. Первоуральск, р.п. Билимбай",до 1800,Домик,Руины
661711249450056,Помещение воздуходувной машины2,Билимбай,"г. Первоуральск, р.п. Билимбай",до 1800,Домик,Не существует
661711249450066,Вагранка,Билимбай,"г. Первоуральск, р.п. Билимбай",до 1800,Домик,Не существует
661711249450076,Помещение воздуходувной машины,Билимбай,"г. Первоуральск, р.п. Билимбай",до 1800,Домик,Не существует
661711249450086,Плотина с эстакадой,Билимбай,"г. Первоуральск, р.п. Билимбай",до 1800,Мост,Руины
661711249600005,Дом двухэтажный кирпичный,Екатеринбург,"г. Екатеринбург, ул. Декабристов, д. 56",с 1850 до 1880,Домик,Хорошее
661711249630006,Решетка плотины городского пруда,Екатеринбург,"г. Екатеринбург, пр. Ленина",с 1800 до 1850,Домик,Не доступен
661711249740016,Собор,Екатеринбург,"г. Екатеринбург, ул. Декабристов, д.87",с 1800 до 1850,Церковь,Ансамбль
661711249740026,Ограда,Екатеринбург,"г. Екатеринбург, ул. Декабристов, д. 87",с 1800 до 1850,Ворота,Ансамбль
661711249760005,"Госпиталь Екатеринбургского завода, где состоялось первое театрализованное представление",Екатеринбург,"г. Екатеринбург, ул. Воеводина, д. 5",до 1800,Завод,Хорошее
661711249810015,Доменная печь № 1,Нижний Тагил,"г. Нижний Тагил, металлургический комбинат",с 1940 до 1960,Домик,Не доступен
661711249810025,Бандажный (ныне прокатный № 1) цех,Нижний Тагил,"г. Нижний Тагил, металлургический комбинат",с 1920 до 1940,Завод,Не доступен
661711249840016,Ограда,Верхотурье,г. Верхотурье,до 1800,Ворота,Удовлетворительное
661711249840026,Ворота,Верхотурье,г. Верхотурье,до 1800,Ворота,Удовлетворительное
661711249840036,Дом воеводы,Верхотурье,г. Верхотурье,до 1800,Домик,Удовлетворительное
661711249840046,"Собор Троицы, колокольня",Верхотурье,г. Верхотурье,до 1800,Церковь,Удовлетворительное
661711249940015,Жилой дом,Верхотурье,"г. Верхотурье, ул. Ершова, д. 4",период не определен,Изба,Удовлетворительное
661711250030005,Амбар шестикамерный,Утрачен,Утрачен,с 1850 до 1880,Амбар,Не доступен
661711250040005,Баня-пятистенка,Утрачен,Утрачен,с 1800 до 1850,Амбар,Не доступен
661711290440005,"Здание заводской лаборатории, театра и склада",Билимбай,"г. Первоуральск, п. Билимбай, ул. Ленина, д. 86а, лит. В, В1, В2",с 1800 до 1850,Завод,Руины
661711290450005,Склад,Билимбай,"г. Первоуральск, п. Билимбай, ул. Ленина, д. 86а, лит. Б, Б1, Б2",с 1800 до 1850,Амбар,Плохое
661711293200015,Жилой дом,Екатеринбург,"г. Екатеринбург, Сибирский тракт, 14 км",с 1900 до 1920,Домик,Не доступен
661711293200025,Ворота,Екатеринбург,"г. Екатеринбург, Сибирский тракт, 14 км",с 1900 до 1920,Ворота,Не доступен
661711298450005,Могила селекционера-биохимика Л.И. Вигорова,Екатеринбург,"г. Екатеринбург, Нижнеисетское кладбище",после 1960,Монумент,Не доступен
661711298470015,Амбары,Верхотурье,"г. Верхотурье, ул. Советская, д. 8 ""А""",с 1850 до 1880,Амбар,Удовлетворительное
661711304260004,Здание земской школы,Верхний Тагил,"г. Верхний Тагил, ул. Чапаева, д. 3",с 1900 до 1920,Домик,Удовлетворительное
661711305260006,Амбар (деревянный),Верхотурье,"г. Верхотурье, ул. Ершова, д. 4 ""А""",с 1800 до 1850,Амбар,Плохое
661711306020005,Корпус жилой,Екатеринбург,"г. Екатеринбург, ул. Декабристов, д. 87",с 1850 до 1880,Домик,Не доступен
661711306030005,Корпус главный,Екатеринбург,"г. Екатеринбург, ул. Декабристов, д. 87",с 1850 до 1880,Домик,Хорошее
661711306040005,Завод свечной,Екатеринбург,"г. Екатеринбург, ул. Декабристов, д. 87",с 1850 до 1880,Завод,Удовлетворительное
661711306050005,Кельи западные,Екатеринбург,"г. Екатеринбург, ул. Декабристов, д. 87",с 1850 до 1880,Домик,Не доступен
661711306060005,"Амбар хлебный (пекарня, церковно-приходская школа)",Екатеринбург,"г. Екатеринбург, ул. Декабристов, д. 87",с 1850 до 1880,Церковь,Ансамбль
661711306070005,Постройки хозяйственные,Екатеринбург,"г. Екатеринбург, ул. Декабристов, д. 87",с 1850 до 1880,Домик,Не доступен
661711306080005,Конюшня,Екатеринбург,"г. Екатеринбург, ул. Декабристов, д. 87",с 1850 до 1880,Домик,Не доступен
661711306090005,Корпус рукодельный,Екатеринбург,"г. Екатеринбург, ул. Декабристов, д. 87",с 1850 до 1880,Домик,Не доступен
661711306100005,Церковь Всех Святых,Екатеринбург,"г. Екатеринбург, ул. Декабристов, д. 87",с 1850 до 1880,Церковь,Не доступен
661711306110005,Корпус жилой,Екатеринбург,"г. Екатеринбург, ул. Декабристов, д. 87",с 1850 до 1880,Домик,Плохое
661711306120005,Флигель,Екатеринбург,"г. Екатеринбург, ул. Декабристов, д. 87",с 1850 до 1880,Домик,Хорошее
661711306130005,Богадельня и больница,Екатеринбург,"г. Екатеринбург, ул. Декабристов, д. 87",с 1850 до 1880,Домик,Не доступен
661720747680005,Детское убежище Екатеринбургского благотворительного общества. Комплекс,Екатеринбург,"г. Екатеринбург, ул. Луначарского, д. 177",с 1800 до 1850,Ансамбль,Ансамбль
661720751400005,Женская гимназия,Ирбит,"г. Ирбит, ул. Карла Маркса, д. 37",с 1880 до 1900,Ансамбль,Ансамбль
661720751520005,Усадьба купца Е.В. Старикова,Екатеринбург,"г. Екатеринбург, ул. Шейнкмана, д. 42",с 1850 до 1880,Ансамбль,Не доступен
661720755240006,"Комплекс зданий ""Городок чекиста""",Екатеринбург,"г. Екатеринбург, пр. Ленина, д. 69",с 1920 до 1940,Ансамбль,Ансамбль
661720757850005,Комплекс на городском кладбище,Красноуфимск,"г. Красноуфимск, Транспортная, д. 1, 1 а",с 1800 до 1850,Ансамбль,Ансамбль
661720760420006,Усадьба Ошуркова,Екатеринбург,"г. Екатеринбург, ул. Чапаева, д. 3",с 1850 до 1880,Ансамбль,Ансамбль
661720760430006,Усадьба Давыдовых,Екатеринбург,"г. Екатеринбург, ул. Чапаева, д. 5",с 1800 до 1850,Ансамбль,Ансамбль
661720761350005,Городок юстиции,Екатеринбург,"г. Екатеринбург, ул. Малышева",с 1920 до 1940,Ансамбль,Ансамбль
661720763600005,Глазная лечебница имени А.А. Миславского,Екатеринбург,"г. Екатеринбург, ул. Челюскинцев, д. 3 / пер. Северный, д. 2",с 1900 до 1920,Ансамбль,Ансамбль
661720764380005,Бывшая усадьба Железнова,Екатеринбург,"г. Екатеринбург, ул. Розы Люксембург, д. 56",с 1880 до 1900,Ансамбль,Ансамбль
661720764420005,Усадьба Ошуркова М.М.,Екатеринбург,"г. Екатеринбург, ул. Чапаева, д. 10",период не определен,Ансамбль,Ансамбль
661720764930006,Дом Рязанова,Екатеринбург,"г. Екатеринбург, ул. Куйбышева, д. 40",с 1850 до 1880,Ансамбль,Плохое
661720765680005,Усадьба П.М. Утякова,Екатеринбург,"г. Екатеринбург, ул. Клары Цеткин, д. 1",с 1900 до 1920,Ансамбль,Ансамбль
661720765800005,Дом Бухонина И.Л. и лавка,Екатеринбург,"г. Екатеринбург, ул. 8 Марта, д. 24",с 1850 до 1880,Ансамбль,Хорошее
661720770820005,Комплекс медопивоваренного завода Гребенькова и Холкина,Екатеринбург,"г. Екатеринбург, ул. Розы Люксембург, д. 62",с 1850 до 1880,Ансамбль,Ансамбль
661720770840005,Усадьба,Екатеринбург,"г. Екатеринбург, ул. Розы Люксембург, д. 62",период не определен,Ансамбль,Ансамбль
661720772240005,Комплекс зданий бывшего медопивоваренного завода,Екатеринбург,"г. Екатеринбург, ул. Шарташская, д. 13",с 1880 до 1900,Ансамбль,Не существует
661720774060005,Усадьба И.Д. Баландина,Екатеринбург,"г. Екатеринбург, ул. Чапаева, д. 7",с 1850 до 1880,Ансамбль,Ансамбль
661720774060015,Территория сада,Екатеринбург,"г. Екатеринбург, ул. Чапаева, д. 7",с 1850 до 1880,Ансамбль,Не существует
661720775230005,"Усадьба Я.И. Панфилова, бывшая палата мер и весов",Екатеринбург,"г. Екатеринбург, ул. Розы Люксембург, д. 65-67",с 1800 до 1850,Ансамбль,Ансамбль
661720775660005,Усадьба С.А. Строганова,Екатеринбург,"г. Екатеринбург, ул. Карла Либкнехта, д. 5",с 1800 до 1850,Ансамбль,Ансамбль
661720776870005,"Комплекс зданий общества ""Красного Креста""",Екатеринбург,"г. Екатеринбург, ул. Московская, д. 19",период не определен,Ансамбль,Ансамбль
661720777590005,Загородная усадьба Самарцева,Екатеринбург,"г. Екатеринбург, ул. Розы Люксембург, д. 54",с 1850 до 1880,Ансамбль,Ансамбль
661720784240006,Дом Демидова и здание музея,Нижний Тагил,"г. Нижний Тагил, пр. Ленина, д. 1",до 1800,Ансамбль,Ансамбль
661720787850005,Дом и магазин Балыкова,Нижний Тагил,"г. Нижний Тагил, ул. Карла Маркса, д. 27",период не определен,Ансамбль,Плохое
661720801110005,Комплекс жилых домов,Екатеринбург,"г. Екатеринбург, Верх-Исетский бульвар, д. 18-20",с 1940 до 1960,Ансамбль,Ансамбль
661720801120005,Дачи управления садово-паркового хозяйства,Екатеринбург,"г. Екатеринбург, ул. Отдыха",с 1900 до 1920,Ансамбль,Не доступен
661720817730005,Улица Красной Армии от ул. Р. Люксембург до ул. Чайковского с существующей застройкой,Алапаевск,"г. Алапаевск, ул. Красной Армии",с 1900 до 1920,Ансамбль,Ансамбль
661720817760005,Реальное училище,Верхотурье,"г. Верхотурье, ул. Сенянского, д. 12, 12 б",с 1900 до 1920,Ансамбль,Ансамбль
661720817760015,Парк,Верхотурье,"г. Верхотурье, ул. Сенянского, д. 12 ""Б""",с 1900 до 1920,Ансамбль,Хорошее
661720817770005,Ансамбль Верхотурского вокзала,Верхотурье,"г. Верхотурье, пос. Привокзальный",с 1900 до 1920,Ансамбль,Ансамбль
661720820870005,Монастырь Скорбященский женский,Нижний Тагил,"г. Нижний Тагил, ул. Красногвардейская, д. 55",с 1900 до 1920,Ансамбль,Хорошее
661720820900005,"Комплекс ""Соцгород Трубный""",Каменск-Уральский,г. Каменск-Уральский,с 1920 до 1940,Ансамбль,Ансамбль
661720821330005,"Комплекс домов по ул. Ильича, построенные в духе советского конструктивизма",Нижний Тагил,"г. Нижний Тагил, ул. Ильича, д. 2, 4, 6, 8",с 1920 до 1940,Ансамбль,Ансамбль
661720821350005,Усадьба Антипина П.А.,Екатеринбург,"г. Екатеринбург, ул. Октябрьской революции, д. 52",с 1850 до 1880,Ансамбль,Ансамбль
661720829440005,Ансамбль,Верхотурский район,"Верхотурский район, с. Меркушино, ул. Центральная, д. 9е",с 1850 до 1880,Ансамбль,Не доступен
661720842520006,Усадьба Расторгуева-Харитонова,Екатеринбург,"г. Екатеринбург, ул. Карла Либкнехта, д. 44",с 1800 до 1850,Ансамбль,Ансамбль
661720891990005,Екатеринбургская художественно-промышленная школа,Екатеринбург,"г. Екатеринбург, ул. Карла Либкнехта, д. 42",с 1900 до 1920,Ансамбль,Ансамбль
661720892020005,"Сад Алапаевского металлургического завода, где в 1921 г. выступал М.И. Калинин",Алапаевск,"г. Алапаевск, сад металлургического завода",с 1920 до 1940,Ансамбль,Удовлетворительное
661720917120005,Институт физиотерапии и профзаболеваний,Екатеринбург,"г. Екатеринбург, ул. Московская, д. 12, ул. Московская, д. 14, ул. Репина, д. 2",с 1920 до 1940,Ансамбль,Ансамбль
661720917130005,Городская усадьба купца Е.А. Деласье,Екатеринбург,"г. Екатеринбург, ул. Горького, д. 34",с 1850 до 1880,Ансамбль,Ансамбль
661720917140005,Дом Рязанова,Екатеринбург,"г. Екатеринбург, ул. Добролюбова, строение 11",с 1800 до 1850,Ансамбль,Ансамбль
661720917180005,Усадьба,Верхотурье,"г. Верхотурье, ул. Крестьянская, д. 14",с 1880 до 1900,Ансамбль,Ансамбль
661720917250005,Комплекс домов бывшего переселенного участка,Гаринский район,"Гаринский район, с. Андрюшино",с 1900 до 1920,Ансамбль,Не доступен
661720917280006,Система гидротехнических сооружений,Алапаевск,"г. Алапаевск, Нейво-Шайтанский металлургический завод",с 1800 до 1850,Ансамбль,Не доступен
661720943810005,Усадьба купца С.Е. Тупикова,Екатеринбург,"г. Екатеринбург, пр. Ленина, д. 29, 31 / ул. 8 Марта, д. 6, 8",с 1900 до 1920,Ансамбль,Ансамбль
661720943820006,"Спортивный комплекс ""Динамо""",Екатеринбург,"г. Екатеринбург, ул. Еремина, д. 12",с 1920 до 1940,Ансамбль,Ансамбль
661720943830005,Усадьба Жолобова,Екатеринбург,"г. Екатеринбург, ул. Октябрьской революции, д. 35",с 1850 до 1880,Ансамбль,Ансамбль
661720943840005,Усадьба первого на Урале садовода-селекционера Д.И. Казанцева,Екатеринбург,"г. Екатеринбург, ул. Октябрьской революции, д. 40",с 1900 до 1920,Ансамбль,Ансамбль
661720943840025,Плодовый сад,Екатеринбург,"г. Екатеринбург, ул. Октябрьской революции, д. 40",с 1900 до 1920,Ансамбль,Хорошее
661720943850005,"Здания ""Товарищества электрического освещения Андрей Елтышев и К""",Екатеринбург,"г. Екатеринбург, ул. Горького, д. 43",с 1880 до 1900,Ансамбль,Ансамбль
661720943890005,Ансамбль градостроительный,Екатеринбург,"г. Екатеринбург, ул. Свердлова",с 1940 до 1960,Ансамбль,Ансамбль
661720943940006,Комплекс зданий площади Первой пятилетки,Екатеринбург,"г. Екатеринбург, пл. Первой пятилетки",с 1920 до 1940,Ансамбль,Ансамбль
661720943950005,Институт политехнический. Комплекс учебных зданий,Екатеринбург,"г. Екатеринбург, ул. Мира 21, 28",с 1940 до 1960,Ансамбль,Ансамбль
661720944190005,Городская усадьба,Екатеринбург,"г. Екатеринбург, ул. Сакко и Ванцетти, д. 115",с 1880 до 1900,Ансамбль,Ансамбль
661720944210005,Жилой комплекс,Верхотурье,"г. Верхотурье, ул. Малышева, д. 28",с 1900 до 1920,Ансамбль,Ансамбль
661720944220006,Ансамбль Николаевского монастыря,Верхотурье,"г. Верхотурье, ул. Воинская, д. 1 ""А""",с 1800 до 1850,Ансамбль,Ансамбль
661720974870005,Усадьба купца А.С. Шарова,Екатеринбург,"г. Екатеринбург, пр. Ленина, д. 16",с 1850 до 1880,Ансамбль,Ансамбль
661720974900005,Усадьба Н.А. Сусловой,Екатеринбург,"г. Екатеринбург, ул. Розы Люксембург, д. 50 / ул. Куйбышева, д. 69",с 1920 до 1940,Ансамбль,Ансамбль
661720974950005,"Комплекс ""Городок алюминщиков"" (ЦЖС)",Каменск-Уральский,г. Каменск-Уральский,с 1920 до 1940,Ансамбль,Ансамбль
661720974960006,"Комплекс зданий района ""Красный камень""",Нижний Тагил,"г. Нижний Тагил, район Красный Камень",с 1920 до 1940,Ансамбль,Хорошее
661720975040005,Комплекс жилых домов по пр. Ленина,Нижний Тагил,"г. Нижний Тагил, пр. Ленина",с 1940 до 1960,Ансамбль,Ансамбль
661720975080005,"Дома, построенные в стиле классицизма для заводских служащих Демидова",Нижний Тагил,"г. Нижний Тагил, ул. Кирова, д. 19, 21",с 1800 до 1850,Ансамбль,Ансамбль
661720975090005,"Дома предпринимателя Кокушкина (""Торговый дом Кокушкина и К"")",Нижний Тагил,"г. Нижний Тагил, ул. Карла Маркса, д. 47, 49",период не определен,Ансамбль,Плохое
661720975140006,Здание заводского госпиталя,Нижний Тагил,"г. Нижний Тагил, ул. Горошникова, д. 37",с 1800 до 1850,Ансамбль,Ансамбль
661720975210005,Усадьба управителя Любимова,Нижний Тагил,"г. Нижний Тагил, пр. Ленина, д. 4",период не определен,Ансамбль,Удовлетворительное
661720975240005,Купеческая усадьба,Нижний Тагил,"г. Нижний Тагил, ул. Карла Маркса, д. 3",период не определен,Ансамбль,Ансамбль
661720975590005,Комплекс мельзавода,Камышлов,"г. Камышлов, ул. Пролетарская, д. 66",период не определен,Ансамбль,Ансамбль
661720975770005,Церковь Михаила Архангела,Сухоложский район,"Сухоложский район, с. Новопышминское, ул. Ленина",с 1850 до 1880,Ансамбль,Не доступен
661720976330005,"Училище женское, магазин",Каменск-Уральский,"г. Каменск-Уральский, ул. Ленина, д. 113",с 1900 до 1920,Ансамбль,Удовлетворительное
661720976340005,Усадьба купца Воробьева,Каменск-Уральский,"г. Каменск-Уральский, ул. Ленина, д. 127",с 1880 до 1900,Ансамбль,Ансамбль
661720976350005,"Спортивный комплекс ""Салют"" и Дворец пионеров",Каменск-Уральский,"г. Каменск-Уральский, ул. Каменская, д. 33, д. 34",с 1940 до 1960,Ансамбль,Ансамбль
661720976360005,Преображенский женский монастырь,Каменск-Уральский,"г. Каменск-Уральский, ул. Кирова, д. 18",с 1850 до 1880,Ансамбль,Ансамбль
661720976380005,Усадьба купцов Зыряновых,Каменск-Уральский,"г. Каменск-Уральский, ул. Ленина, 102 (лит.А,Б)",с 1900 до 1920,Ансамбль,Ансамбль
661720976390005,Усадьба Шамариных,Каменск-Уральский,"г. Каменск-Уральский, ул. Ленина, д. 95",с 1850 до 1880,Ансамбль,Ансамбль
661720983680005,Гостиный двор,Каменск-Уральский,"г. Каменск-Уральский, ул. Ленина, д. 118, 120",с 1880 до 1900,Ансамбль,Ансамбль
661720983690005,Усадьба купца Косякова,Каменск-Уральский,"г. Каменск-Уральский, ул. Ленина",с 1880 до 1900,Ансамбль,Ансамбль
661720983700005,Усадьба смотрителя завода,Каменск-Уральский,"г. Каменск-Уральский, ул. Ленина, д. 119",период не определен,Ансамбль,Ансамбль
661720983740006,Комплекс сооружений Сысертского завода,Сысерть,"г. Сысерть, ул. Быкова",с 1800 до 1850,Ансамбль,Не доступен
661720983840005,Усадьба купца Французова,Невьянск,"г. Невьянск, ул. Комсомольская, д. 4",с 1850 до 1880,Ансамбль,Ансамбль
661720983870005,Городская усадьба золотопромышленника Подвинцева,Невьянск,"г. Невьянск, ул. Комсомольская, д. 18",с 1850 до 1880,Ансамбль,Ансамбль
661720983950005,Городская усадьба купца Селянина,Невьянск,"г. Невьянск, ул. Крылова, д. 1",с 1850 до 1880,Ансамбль,Ансамбль
661720986270005,Комплекс торговых заведений,Верхотурье,"г. Верхотурье, ул. Ленина, д. 9-11",с 1850 до 1880,Ансамбль,Не доступен
661720986280005,Склад винный казенный,Верхотурье,"г. Верхотурье, ул. Ленина, д. 13",с 1900 до 1920,Ансамбль,Хорошее
661720986310005,Комплекс,Верхотурье,"г. Верхотурье, ул. Ленина, д. 29, 31",с 1900 до 1920,Ансамбль,Не доступен
661720986390006,Жилые дома,Екатеринбург,"г. Екатеринбург, ул. Малышева, ул. Хохрякова",с 1920 до 1940,Ансамбль,Ансамбль
661720986470005,Усадьба Шумкова,Екатеринбург,"г. Екатеринбург, ул. Красноармейская, д. 37-б",с 1850 до 1880,Ансамбль,Ансамбль
661720986520005,Усадьба ротмистра Ф.А. Переяславцева,Екатеринбург,"г. Екатеринбург, ул. Карла Либкнехта, д. 3",с 1940 до 1960,Ансамбль,Ансамбль
661720986590005,Дом и больница доктора Сяно,Екатеринбург,"Свердловская область. г. Екатеринбург, ул. Карла Либкнехта, д. 2",с 1900 до 1920,Ансамбль,Ансамбль
661720995140005,Екатеринбургский земско-городской родильный дом,Екатеринбург,"г. Екатеринбург, ул. Декабристов, д. 32",с 1880 до 1900,Ансамбль,Ансамбль
661720995160005,Госпиталь Верх-Исетского завода,Екатеринбург,"г. Екатеринбург, ул. Верх-Исетский бульвар",с 1800 до 1850,Ансамбль,Ансамбль
661720995170006,Покровский монастырь,Верхотурье,"г. Верхотурье, ул. Дементьева",с 1800 до 1850,Ансамбль,Ансамбль
661720995250005,Ансамбль застройки,Екатеринбург,"г. Екатеринбург, ул. Культуры",с 1920 до 1940,Ансамбль,Ансамбль
661720998460005,"Гостиница ""Эрмитаж"" В.Г. Черепанова",Екатеринбург,"г. Екатеринбург, ул. Пушкина, д. 7",с 1880 до 1900,Ансамбль,Ансамбль
661720998480005,Усадьба купца М.О. Назарова,Екатеринбург,"г. Екатеринбург, ул. Первомайская, д. 11",с 1850 до 1880,Ансамбль,Ансамбль
661720998500005,"Усадьба ""Товарищества А. Печенкина и К""",Екатеринбург,"г. Екатеринбург, ул. Пушкина, д. 2/ул. Малышева, д. 39",с 1850 до 1880,Ансамбль,Ансамбль
661720998530005,Усадьба Филитц,Екатеринбург,"г. Екатеринбург, ул. Мамина-Сибиряка, д. 187",с 1880 до 1900,Ансамбль,Ансамбль
661720998530015,Территория сада с прудом,Екатеринбург,"г. Екатеринбург, ул. Мамина-Сибиряка, д. 187",с 1880 до 1900,Ансамбль,Не доступен
661720998540005,Здание в стиле модерн,Екатеринбург,"г. Екатеринбург, ул. Февральской революции, д. 27",период не определен,Ансамбль,Хорошее
661721004710005,"Комплекс промышленной архитектуры ""Зязинская мельница""",Ирбит,"г. Ирбит, ул. Советская, д. 62",период не определен,Ансамбль,Ансамбль
661721004720005,Комплекс,Невьянск,"г. Невьянск, ул. Энгельса, д. 40-42",с 1900 до 1920,Ансамбль,Ансамбль
661721004740005,Усадьба купца А.Л. Войтехова,Невьянск,"г. Невьянск, ул. Кирова, д. 16-18",с 1880 до 1900,Ансамбль,Ансамбль
661721004760005,Комплекс жилых зданий (конструктивизм),Екатеринбург,"г. Екатеринбург, пр. Ленина, д. 5",с 1920 до 1940,Ансамбль,Хорошее
661721004880005,"Комплекс зданий бывших Оровайских казарм, где зародился Первый Уральский стрелковый полк",Екатеринбург,"г. Екатеринбург, ул. Луначарского, д. 215",с 1900 до 1920,Ансамбль,Не доступен
661721004940005,Усадьба купца А.А. Волкова,Екатеринбург,"г. Екатеринбург, ул. Малышева, д. 64 / ул. Гоголя, д. 1",с 1850 до 1880,Ансамбль,Ансамбль
661721004960005,Усадьба Первушина,Екатеринбург,"г. Екатеринбург, ул. Декабристов, д. 40",с 1850 до 1880,Ансамбль,Ансамбль
661721004970005,Усадьба Казанцевых,Екатеринбург,"г. Екатеринбург, ул. Декабристов, д. 36-38",с 1800 до 1850,Ансамбль,Ансамбль
661721004980005,Усадьба камнереза Трапезникова,Екатеринбург,"г. Екатеринбург, ул. Розы Люксембург, д. 14а",с 1880 до 1900,Ансамбль,Ансамбль
661721017100005,Усадьба купцов Ермолаевых,Екатеринбург,"г. Екатеринбург, ул. Сакко и Ванцетти, д. 58а",с 1900 до 1920,Ансамбль,Ансамбль
661721017110005,Усадьба Блохиной,Екатеринбург,"г. Екатеринбург, ул. Декабристов, д. 34 / 66",с 1850 до 1880,Ансамбль,Ансамбль
661721017150005,Невьянский механический завод,Невьянск,"г. Невьянск, территория Невьянского механического завода",с 1850 до 1880,Ансамбль,Не доступен
661721035360005,Уездная больница,Верхотурье,"г. Верхотурье, ул. Комсомольская, 6, 8, 10",период не определен,Ансамбль,Ансамбль
661721035370005,Усадьба,Верхотурье,"г. Верхотурье, ул. Ленина, д. 27",с 1850 до 1880,Ансамбль,Ансамбль
661721035400005,Усадьба Кокшаровых,Екатеринбург,"г. Екатеринбург, ул. Боевых дружин, д. 26 /15",с 1850 до 1880,Ансамбль,Удовлетворительное
661721035410005,Усадьба купцов Тарасовых,Екатеринбург,"г. Екатеринбург, ул. Горького, 21-23",с 1900 до 1920,Ансамбль,Ансамбль
661721035420005,Усадьба М.А. Нурова,Екатеринбург,"г. Екатеринбург, ул. Чапаева, д. 1",с 1800 до 1850,Ансамбль,Ансамбль
661721035420015,Территория сада,Екатеринбург,"г. Екатеринбург, ул. Чапаева, д. 1",с 1800 до 1850,Ансамбль,Хорошее
661721035450005,Первый дом Е.М. Ошуркова,Екатеринбург,"г. Екатеринбург, ул. Чапаева, д. 8",с 1850 до 1880,Ансамбль,Ансамбль
661721035500005,Усадьба Дрозжиловых-Г.Б. Перетц,Екатеринбург,"г. Екатеринбург, пр. Ленина, д. 7",с 1800 до 1850,Ансамбль,Хорошее
661721035510005,Усадьба купца В.С. Потапова,Екатеринбург,"г. Екатеринбург, ул. Красноармейская, д. 89",с 1880 до 1900,Ансамбль,Ансамбль
661721035510015,Элементы благоустройства (гранитные столбики и тротуар),Екатеринбург,"г. Екатеринбург, ул. Красноармейская, д. 89",с 1880 до 1900,Ансамбль,Не существует
661721078490005,Дом купца Н.Г. Бабикова,Екатеринбург,"г. Екатеринбург, ул. Розы Люксембург, д. 1, 1а",с 1880 до 1900,Ансамбль,Хорошее
661721078630005,Комплекс жилых зданий,Екатеринбург,"г. Екатеринбург, ул. Куйбышева, д. 48",с 1940 до 1960,Ансамбль,Ансамбль
661721078640005,Ансамбль первой женской гимназии,Екатеринбург,"г. Екатеринбург, ул. Карла Либкнехта, д. 9, ул. Толмачева, д. 8",с 1880 до 1900,Ансамбль,Не доступен
661721086600005,Усадьба И.Л. Фальковского,Екатеринбург,"г. Екатеринбург, ул. Красноармейская, д. 18",с 1880 до 1900,Ансамбль,Не существует
661721086600025,Сад с беседкой,Екатеринбург,"г. Екатеринбург, ул. Красноармейская, д. 18",с 1880 до 1900,Ансамбль,Не существует
661721097490005,Покровский женский монастырь,Верхотурье,г. Верхотурье,с 1900 до 1920,Ансамбль,Ансамбль
661721097500005,Городская усадьба,Верхотурье,"г. Верхотурье, ул. Карла Маркса, д. 29",с 1900 до 1920,Ансамбль,Ансамбль
661721097580005,Комплекс Нижнетагильского металлургического завода,Нижний Тагил,"г. Нижний Тагил, территория НТМЗ",до 1800,Ансамбль,Не доступен
661721097590005,Усадьба Г.И. Елизарьева,Екатеринбург,"г. Екатеринбург, ул. Белинского, д. 6",с 1850 до 1880,Ансамбль,Ансамбль
661721097600005,Комплекс мельницы Борчанинова-Певушина,Екатеринбург,"г. Екатеринбург, ул. Азина, д. 22",с 1900 до 1920,Ансамбль,Ансамбль
661721097610005,Ансамбль градостроительный,Екатеринбург,"г. Екатеринбург, пр. Ленина ",с 1940 до 1960,Ансамбль,Ансамбль
661721097620005,Усадьба мещанина А.Р. Кожурина,Екатеринбург,"г. Екатеринбург, ул. Вайнера, д. 42",с 1880 до 1900,Ансамбль,Ансамбль
661721097630006,Здания и сооружения Екатерининского завода – «Монетки»,Екатеринбург,"г. Екатеринбург, центральная часть города",период не определен,Ансамбль,Ансамбль
661721097640005,Комплекс Верх-Исетского металлургического завода,Екатеринбург,"г. Екатеринбург, территория ВИЗа",до 1800,Ансамбль,Не доступен
661721097650005,Усадьба купчихи К.И. Ланггауз,Екатеринбург,"г. Екатеринбург, ул. Добролюбова, д. 10",с 1800 до 1850,Ансамбль,Ансамбль
661721097660005,Ансамбль Екатеринбургского железнодорожного вокзала,Екатеринбург,"г. Екатеринбург, ул. Вокзальная 14",с 1940 до 1960,Ансамбль,Ансамбль
661721097670006,Комплекс зданий,Екатеринбург,"г. Екатеринбург, пр. Ленина, д. 52-54",с 1920 до 1940,Ансамбль,Ансамбль
661721097680005,Алексеевское реальное училище,Екатеринбург,"г. Екатеринбург, пр. Ленина, 13/ул. Сакко и Ванцетти, д. 41, пр. Ленина, д.13б/ул. Маршала Жукова, д. 1",с 1880 до 1900,Ансамбль,Ансамбль
661721097690005,Уральская золотосплавная химическая лаборатория,Екатеринбург,"г. Екатеринбург, ул. Горького, д. 15/ул. Первомайская, д. 1",с 1850 до 1880,Ансамбль,Ансамбль
661721097720005,Комплекс брусковых коттеджей,Екатеринбург,"г. Екатеринбург, ул. Большакова",с 1940 до 1960,Ансамбль,Ансамбль
661721097730005,Дом купцов Ижболдиных,Екатеринбург,"г. Екатеринбург, пр. Ленина, д. 22, ул. Хохрякова, д. 1",с 1850 до 1880,Ансамбль,Ансамбль
661721097750005,Екатеринбургская контора Государственного банка,Екатеринбург,"г. Екатеринбург, пр. Ленина, д. 6",с 1850 до 1880,Ансамбль,Ансамбль
661721097760006,Комплекс Штаба УРАЛВО,Екатеринбург,"г. Екатеринбург, пр. Ленина, д. 71, ул. Кузнечная, 91, 91 а, ул. Первомайская 44",с 1920 до 1940,Ансамбль,Ансамбль
661721097770005,Усадьба,Екатеринбург,"г. Екатеринбург, пр. Ленина, 11, ул. Сакко и Ванцетти, 42",с 1850 до 1880,Ансамбль,Ансамбль
661721097770015,Территория сада,Екатеринбург,"г. Екатеринбург, пр. Ленина, д. 11",с 1850 до 1880,Ансамбль,Ансамбль
661721097780005,Усадьба Е.С. Бородиной,Екатеринбург,"г. Екатеринбург, ул. Добролюбова, д. 9, 9а",с 1850 до 1880,Ансамбль,Ансамбль
661721097780025,Сад,Екатеринбург,"г. Екатеринбург, ул. Добролюбова, д. 9, 9а",с 1850 до 1880,Ансамбль,Не существует
661721097780035,"Элементы благоустройства (гранитные плиты тротуаров, столбики)",Екатеринбург,"г. Екатеринбург, ул. Добролюбова, д. 9, 9а",с 1850 до 1880,Ансамбль,Не существует
661721097810005,"Комплекс бывшей гостиницы ""Россия""",Екатеринбург,"г. Екатеринбург, ул. Пушкина, стр. 3",с 1900 до 1920,Ансамбль,Ансамбль
661721097820005,Здание первых электростанций на Урале,Нижний Тагил,"г. Нижний Тагил, территория НТМК",с 1900 до 1920,Ансамбль,Ансамбль
661721097870005,Усадьба управляющего заводом,Каменск-Уральский,"г. Каменск-Уральский, ул. Ленина, д. 117, ул. Пионерская, д. 8, строение 1",с 1880 до 1900,Ансамбль,Ансамбль
661721249450006,Комплекс сооружений Билимбаевского завода,Билимбай,"г. Первоуральск, р.п. Билимбай",до 1800,Ансамбль,Ансамбль
661721249740006,Комплекс зданий Ново-Тихвинского монастыря,Екатеринбург,"г. Екатеринбург, ул. Декабристов, д. 87",с 1800 до 1850,Ансамбль,Ансамбль
661721249740036,Башни,Екатеринбург,"г. Екатеринбург, ул. Декабристов, д. 87",с 1800 до 1850,Ансамбль,Ансамбль
661721249810005,Сооружение Нижнетагильского металлургического комбината,Нижний Тагил,"г. Нижний Тагил, металлургический комбинат",с 1920 до 1940,Ансамбль,Хорошее
661721249840006,Комплекс зданий XVII-XVIII вв.,Верхотурье,г. Верхотурье,до 1800,Ансамбль,Ансамбль
661721249940005,Комплекс,Верхотурье,"г. Верхотурье, ул. Ершова, д. 4",период не определен,Ансамбль,Ансамбль
661721293010005,Две лавки,Екатеринбург,"г. Екатеринбург, ул. 8 Марта, д. 23, ул. 8 Марта, д. 25",с 1850 до 1880,Ансамбль,Ансамбль
661721293200005,Усадьба,Екатеринбург,"г. Екатеринбург, Сибирский тракт, 14 км",с 1900 до 1920,Ансамбль,Не доступен
661721298470005,Верхотурский Кремль,Верхотурье,"г. Верхотурье, ул. Советская",период не определен,Ансамбль,Ансамбль
661730760170005,"Место, где 18 июля 1918 г. были казнены Великие князья Романовы",Алапаевский район,"Алапаевский район, 65-й км автодороги г. Нижняя Салда - г. Алапаевск, мужской монастырь Новомучеников Российских, корпус 1",с 1900 до 1920,Домик,Хорошее
661730801090005,"Площадь 1905 года, как место революционных событий города",Екатеринбург,"г. Екатеринбург, пл. 1905 года",период не определен,Домик,Хорошее
661810702880035,"Флигель, украшенный деревянной резьбой",Екатеринбург,"г. Екатеринбург, ул. Радищева, д. 8",с 1900 до 1920,Домик,Удовлетворительное
661810702880045,"Полукаменный дом, украшенный деревянной резьбой",Екатеринбург,"г. Екатеринбург, ул. Радищева, д. 8",с 1900 до 1920,Домик,Удовлетворительное
661810761350035,Детский сад (Дом-улитка),Екатеринбург,"г. Екатеринбург, ул. Малышева, д. 2 е",с 1920 до 1940,Многоэтажка,Удовлетворительное
661811313310005,Здание бывшей товарной биржи,Екатеринбург,"г. Екатеринбург, ул. Вайнера, д. 9",с 1920 до 1940,Домик,Руины
661811314850005,Могила Героя Советского Союза А.Х. Ишмухаметова,Екатеринбург,"г. Екатеринбург, Ивановское кладбище",с 1940 до 1960,Монумент,Хорошее
661811314860005,Могила летчика дважды Героя Советского Союза Г.А. Речкалова,Сысертский городской округ,"Сысертский городской округ, пос. Бобровский, кладбище",после 1960,Монумент,Не доступен
661911326240005,Здание волостного правления,Верх-Нейвинский,"р.п. Верх-Нейвинский, пл. Революции, д. 10",с 1880 до 1900,Домик,Плохое
662011097490065,Главный корпус,Верхотурье,"г. Верхотурье, ул. Сенянского, д. 3",с 1900 до 1920,Домик,Хорошее
662011097610085,Дом жилой с магазином,Екатеринбург,"г. Екатеринбург, пр. Ленина, д. 99",с 1940 до 1960,Многоэтажка,Хорошее
662011332250006,Контора Верх-Нейвинского завода (Дом-графин),городской округ Верх-Нейвинский,"городской округ Верх-Нейвинский, пгт Верх-Нейвинский, пл. Революции, д. 3",с 1800 до 1850,Завод,Удовлетворительное
662011344530005,Здание терапевтического отделения Городской больницы,Екатеринбург,"г. Екатеринбург, Верх-Исетский бульвар, д. 5",с 1920 до 1940,Многоэтажка,Хорошее
662011344540005,Здание института охраны материнства и младенчества,Екатеринбург,"г. Екатеринбург, ул. Репина, д. 1",с 1920 до 1940,Дворец,Удовлетворительное
662011344590005,Гаражи Свердловского автобусного движения,Екатеринбург,"г. Екатеринбург, ул. Чапаева, сооружение 7а",с 1920 до 1940,Амбар,Хорошее
662011376150005,Торговые ряды (Мытный двор),Екатеринбург,"г. Екатеринбург, ул. 8 Марта, д. 8-д",с 1850 до 1880,Дворец,Хорошее
662211298470025,"Здание городского магистрата, городской думы, сиротского и словесного судов, общественного банка",Верхотурье,"г. Верхотурье, ул. Советская, д. 8",с 1800 до 1850,Домик,Плохое
662211298470035,Здание уездного казначейства,Верхотурье,"г. Верхотурье, ул. Советская, д. 2",с 1900 до 1920,Домик,Удовлетворительное
662211344570005,Семейное захоронение Агафуровых,Екатеринбург,"г. Екатеринбург, ул. Репина, 40, северо-восточная часть территории Татаро-башкирского кладбища",с 1900 до 1920,Домик,Не доступен
662211344580005,Дом Н.А. Тунева,Билимбай,"г. Первоуральск, п. Билимбай, ул. Орджоникидзе, стр. 1",с 1900 до 1920,Изба,Удовлетворительное
662211344600005,Водоемное здание,Серовский городской округ,"Серовский городской округ, п. Вагранская, ж/д ст. Вагранская",с 1900 до 1920,Изба,Плохое
662211344620005,Пильная мельница,Билимбай,"г. Первоуральск, п. Билимбай, ул. Карла Маркса",с 1900 до 1920,Завод,Удовлетворительное
662211344630005,Контора Билимбаевского завода,Билимбай,"г. Первоуральск, п. Билимбай, ул. Октябрьская, д. 2",с 1800 до 1850,Завод,Плохое
662211344640005,Дом кузнеца С.И. Кириллова,Невьянский городской округ,"Невьянский городской округ, с. Кунара, ул. Ленина, д. 9",с 1900 до 1920,Изба,Хорошее
662211344700015,Пассажирское здание,Билимбай,"г. Первоуральск, п. Билимбай, ж/д ст. Билимбай",с 1900 до 1920,Изба,Хорошее
662211344700025,Водоемное здание,Билимбай,"г. Первоуральск, п. Билимбай, ж/д ст. Билимбай",с 1900 до 1920,Домик,Удовлетворительное
662211371940004,Господский дом,Реж,"г. Реж, ул. Советская, д. 4",с 1850 до 1880,Домик,Удовлетворительное
662211371950005,Дом купца Малмыгина,Билимбай,"г. Первоуральск, пос. Билимбай, ул. Орджоникидзе, д. 11",с 1880 до 1900,Изба,Удовлетворительное
662211371960004,Дом провизора А.К. Белова,Екатеринбург,"г. Екатеринбург, ул. Карла Маркса, д. 11",с 1850 до 1880,Домик,Хорошее
662211371970005,Здание банка,Кушва,"г. Кушва, ул. Коммуны, д. 63",с 1900 до 1920,Домик,Удовлетворительное
662211371980005,Жилой дом золотопромышленника Курочкина,Кушва,"г. Кушва,  ул. Первомайская, д. 68",с 1880 до 1900,Домик,Удовлетворительное
662211371990005,Здание вокзала станции Кушва Богословской железной дороги,Кушва,"г. Кушва, ст. Кушва в полосе отвода 3 км",с 1900 до 1920,Домик,Не доступен
662211372000005,Здание казначейства,Кушва,"г. Кушва,  ул. Первомайская, д. 22",с 1900 до 1920,Изба,Удовлетворительное
662211372010005,Жилой дом купца Никитина,Кушва,"г. Кушва,  ул. Первомайская, д. 50",с 1850 до 1880,Домик,Удовлетворительное
662211372020004,Торговое здание купчихи Богатыревой,Кушва,"г. Кушва,  ул. Первомайская, д. 51",с 1850 до 1880,Домик,Удовлетворительное
662211372030005,Жилой дом купца Колодкина,Кушва,"г. Кушва,  ул. Первомайская, д. 57",с 1850 до 1880,Домик,Удовлетворительное
662211372050015,Жилой дом и лавка П.А. Нечкина,Невьянск,"г. Невьянск, пр. Октябрьский, д. 3",с 1900 до 1920,Домик,Руины
662211372050025,Парикмахерская,Невьянск,"г. Невьянск, пр. Октябрьский, д. 3",с 1850 до 1880,Домик,Руины
662221344700005,Ансамбль железнодорожной станции,Билимбай,"г. Первоуральск, п. Билимбай, ж/д ст. Билимбай",с 1900 до 1920,Ансамбль,Ансамбль
662221372050005,"""Ансамбль Комплекс усадеб М.Д. Мередина и П.А. Нечкина""",Невьянск,"г. Невьянск, пр. Октябрьский, д. 3",с 1900 до 1920,Ансамбль,Руины
662231344550005,Второе Немецкое (Лютеранское) кладбище,Екатеринбург,"Свердловская обл, Екатеринбург г",с 1900 до 1920,Домик,Не доступен
662231344560005,Кладбище XIX-начала XX веков на территории парка Зеленая Роща в городе Екатеринбурге,Екатеринбург,"Свердловская обл, Екатеринбург г",с 1900 до 1920,Домик,Не доступен
662310842520016,Главный дом,Екатеринбург,"г. Екатеринбург, ул. Карла Либкнехта, строение 44",с 1800 до 1850,Дворец,Удовлетворительное
662310842520026,Флигель под плоским куполом,Екатеринбург,"г. Екатеринбург, ул. Карла Либкнехта, строение 44",с 1800 до 1850,Домик,Удовлетворительное
662310842520036,Флигель под бельведером,Екатеринбург,"г. Екатеринбург, ул. Карла Либкнехта, строение 44",с 1800 до 1850,Домик,Удовлетворительное
662310842520046,Садовый флигель ,Екатеринбург,"г. Екатеринбург, ул. Карла Либкнехта, строение 44",с 1800 до 1850,Домик,Удовлетворительное
662310842520056,Дворовый флигель,Екатеринбург,"г. Екатеринбург, ул. Карла Либкнехта, строение 44",с 1800 до 1850,Домик,Удовлетворительное
662310842520066,Флигель под горой,Екатеринбург,"г. Екатеринбург, ул. Карла Либкнехта, строение 44",с 1800 до 1850,Домик,Удовлетворительное
662310842520076,Конюшня,Екатеринбург,"г. Екатеринбург, ул. Карла Либкнехта, строение 44",с 1800 до 1850,Домик,Удовлетворительное
662310842520086,Баня,Екатеринбург,"г. Екатеринбург, ул. Карла Либкнехта, строение 44",с 1800 до 1850,Амбар,Удовлетворительное
662310842520096,Грот,Екатеринбург,"г. Екатеринбург, ул. Карла Либкнехта, строение 44",с 1800 до 1850,Домик,Удовлетворительное
662310842520116,Ограда и ворота хозяйственного двора,Екатеринбург,"г. Екатеринбург, ул. Карла Либкнехта, строение 44",с 1800 до 1850,Ворота,Хорошее
662310842520126,Ограда и ворота парадного двора,Екатеринбург,"г. Екатеринбург, ул. Карла Либкнехта, строение 44",с 1800 до 1850,Ворота,Хорошее
662311372040005,Здание бывшей Городской управы,Туринск,"г. Туринск, ул. Свердлова, д. 20",с 1880 до 1900,Дворец,Хорошее
662311372060005,Здание вокзала станции Выя Богословской железной дороги,Нижнетуринский городской округ,"Нижнетуринский городской округ, ст. Выя, 46 км (в полосе отвода)",с 1900 до 1920,Изба,Удовлетворительное
662311372070005,Больница земская уездная,Туринск,"г. Туринск, ул. Освобождения, д. 19",с 1880 до 1900,Домик,Удовлетворительное
662311372080005,Особняк купца Чиркова С.А.,Туринск,"г. Туринск, ул. Свердлова, д. 46",с 1880 до 1900,Домик,Удовлетворительное
662311372090015,Дом жилой,Туринск,"г. Туринск, ул. Свердлова, д. 10-а",до 1800,Домик,Плохое
662311372090025,Флигель,Туринск,"г. Туринск, ул. Свердлова, д. 10",до 1800,Домик,Удовлетворительное
662311375890004,Дом Поповичевых,Екатеринбург,"г. Екатеринбург, ул. Малышева, стр. 38",с 1900 до 1920,Домик,Удовлетворительное
662311375900004,Дом Линдеров,Екатеринбург,"г. Екатеринбург, ул. Малышева, д. 40",с 1900 до 1920,Домик,Удовлетворительное
662311380480015,Доходный дом,Екатеринбург,"г. Екатеринбург, ул. Розы Люксембург, д. 34",с 1900 до 1920,Домик,Хорошее
662311380480025,Сторожка,Екатеринбург,"г. Екатеринбург, ул. Розы Люксембург, д. 34",с 1900 до 1920,Домик,Удовлетворительное
662311380490005,Виадук у пос. Пудлинговый,Красноуфимск,"г. Красноуфимск, пос. Пудлинговый (1411 км)",с 1900 до 1920,Домик,Не доступен
662311380500005,Виадук в урочище Широкий Лог,Красноуфимский район,"Красноуфимский район, урочище Широкий Лог (1418 км)",с 1900 до 1920,Домик,Не доступен
662311380510005,Господский дом,Полевской,"г. Полевской, ул. Ильича, зд. 1а",с 1850 до 1880,Дворец,Плохое
662311380520005,Дом купца И.А. Барышева,Полевской,"г. Полевской, ул. Ильича, д. 62",с 1880 до 1900,Домик,Плохое
662311380530005,Здание главной конторы Сысертского горного округа,Сысерть,"г. Сысерть, ул. Быкова, д. 56",до 1800,Домик,Хорошее
662311391530005,Жилой дом с магазином и детсадом,Екатеринбург,"г. Екатеринбург, ул. Комсомольская, д. 29",с 1940 до 1960,Домик,Удовлетворительное
662311398410015,Дом чиновника А.И. Безбородова,Екатеринбург,"г. Екатеринбург, ул. Гоголя, д. 9",с 1900 до 1920,Домик,Удовлетворительное
662311398410025,Флигель,Екатеринбург,"г. Екатеринбург, ул. Гоголя, д. 9",с 1900 до 1920,Домик,Удовлетворительное
662320842520106,Сад,Екатеринбург,"г. Екатеринбург, ул. Карла Либкнехта, сад Харитоновский",с 1800 до 1850,Ансамбль,Ансамбль
662321372090005,Усадьба Туринского воеводы,Туринск,"г. Туринск, ул. Свердлова, д. 10, 10-а",до 1800,Ансамбль,Плохое
662321380480005,Усадьба Русского общества торговли аптекарскими товарами,Екатеринбург,"г. Екатеринбург, ул. Розы Люксембург, д. 34",с 1900 до 1920,Ансамбль,Ансамбль
662321398410005,Городская усадьба,Екатеринбург,"г. Екатеринбург, ул. Гоголя, д. 9",с 1900 до 1920,Ансамбль,Ансамбль
662411405700015,Флигель,Камышлов,"г. Камышлов, ул. Свердлова, д. 43",с 1850 до 1880,Домик,Не доступен
662411405700025,Ворота,Камышлов,"г. Камышлов, ул. Свердлова, д. 43",с 1850 до 1880,Ворота,Не доступен
662421405700005,Первая усадьба уездной управы,Камышлов,"г. Камышлов, ул. Свердлова, д. 43",с 1850 до 1880,Ансамбль,Хорошее
662431410890005,Историческая застройка середины XX века центральной части города Нижний Тагил,Нижний Тагил,"г. Нижний Тагил, Ленинский район (пр. Ленина, пр. Мира, пр. Строителей)",с 1940 до 1960,Домик,Хорошее
681420018050005,"Стадион ""Центральный"". Комплекс",Екатеринбург,"г. Екатеринбург, ул. Репина, д. 5",с 1940 до 1960,Ансамбль,Ансамбль
681420018050015,Фасад восточной трибуны главной спортивной арены,Екатеринбург,"г. Екатеринбург, ул. Репина, д. 5, литер А",с 1940 до 1960,Домик,Хорошее
681420018050025,Фасад западной трибуны главной спортивной арены,Екатеринбург,"г. Екатеринбург, ул. Репина, д. 5, литер А3",с 1940 до 1960,Многоэтажка,Хорошее
681420018050035,Кассы билетные с воротами главного входа восточные,Екатеринбург,"г. Екатеринбург, ул. Репина, д. 5, литер М, Л",с 1940 до 1960,Ворота,Хорошее
681420018050045,Кассы билетные с воротами западные,Екатеринбург,"г. Екатеринбург, ул. Репина, д. 5, Литер N, О",с 1940 до 1960,Ворота,Хорошее
681420018050055,Ограда металлическая с кирпичными столбами,Екатеринбург,"г. Екатеринбург, ул. Репина, д. 5, литер XVI, XXXV, XXXVI",с 1940 до 1960,Ворота,Удовлетворительное